"Créateur";"Titre";"Editeur";"Date";"Description";"Type";"Format";"Langue";"Identifiant";"URL";"SOURCE";"droits"
"Aghion , Marie Reine";"Princesse Emeraude : roman inédit";"Société d'éditions publications et industries annexes";"impr. 1935";"Collection Fama ; 409";"text";"application/pdf ";"fre";"BUCA_Bastaire_Fama_409_C90837";"http://192.168.129.239/files/fichiers_bcu/BUCA_Bastaire_Fama_409_C90837.pdf";"Bibliothèque Université Clermont Auvergne";"Pas d’utilisation commerciale"
"Alma , Robert (18..-19..)";"L'aviateur inconnu : roman";"Ed. de la ""Mode nationale""";"impr. 1931";"Collection Fama ; 258";"text";"application/pdf ";"fre";"BUCA_Bastaire_Fama_258_C90780";"http://192.168.129.239/files/fichiers_bcu/BUCA_Bastaire_Fama_258_C90780.pdf";"Bibliothèque Université Clermont Auvergne";"Pas d’utilisation commerciale"
"Beaume , Georges (1861-1940)";"Le château vert : roman";"Société d'éditions publications et industries annexes";"impr. 1935";"Collection Fama ; 418";"text";"application/pdf ";"fre";"BUCA_Bastaire_Fama_418_C90840";"http://192.168.129.239/files/fichiers_bcu/BUCA_Bastaire_Fama_418_C90840.pdf";"Bibliothèque Université Clermont Auvergne";"Pas d’utilisation commerciale"
"Bonneau , Albert (1898-1967)";"La fée du bled : roman";"Société d'éditions publications et industries annexes";"impr. 1934";"Collection Fama ; 373";"text";"application/pdf ";"fre";"BUCA_Bastaire_Fama_373_C90813";"http://192.168.129.239/files/fichiers_bcu/BUCA_Bastaire_Fama_373_C90813.pdf";"Bibliothèque Université Clermont Auvergne";"Pas d’utilisation commerciale"
"Bonneau , Albert (1898-1967)";"Le puy des auberges : roman inédit";"Société d'éditions publications et industries annexes";"impr.1934";"Collection Fama ; 401";"text";"application/pdf ";"fre";"BUCA_Bastaire_Fama_401_C90832";"http://192.168.129.239/files/fichiers_bcu/BUCA_Bastaire_Fama_401_C90832.pdf";"Bibliothèque Université Clermont Auvergne";"Pas d’utilisation commerciale"
"Bonneau , Albert (1898-1967)";"Sa majesté Monette : roman";"Société d'éditions publications et industries annexes";"impr. 1934";"Collection Fama ; 408";"text";"application/pdf ";"fre";"BUCA_Bastaire_Fama_408_C90836";"http://192.168.129.239/files/fichiers_bcu/BUCA_Bastaire_Fama_408_C90836.pdf";"Bibliothèque Université Clermont Auvergne";"Pas d’utilisation commerciale"
"Bonneau , Albert (1898-1967)";"Le moulin de mes rêves";"M. Daubin";"DL 1948";"Collection Fama : nouvelle série ; 22";"text";"application/pdf ";"fre";"BUCA_Bastaire_Fama_22_C90753";"http://192.168.129.239/files/fichiers_bcu/BUCA_Bastaire_Fama_22_C90753.pdf";"Bibliothèque Université Clermont Auvergne";"Pas d’utilisation commerciale"
"Bourgey , Philippe (18..-19..)";"Arlette, lingère : roman";"Ed. de la ""Mode Nationale""";"impr. 1933";"Collection Fama ; 317";"text";"application/pdf ";"fre";"BUCA_Bastaire_Fama_317_C90793";"http://192.168.129.239/files/fichiers_bcu/BUCA_Bastaire_Fama_317_C90793.pdf";"Bibliothèque Université Clermont Auvergne";"Pas d’utilisation commerciale"
"Bouvet , Marie-Louise (1869-1954)";"Le château d'Orémuse : roman";"Société d'éditions, publications et industries annexes";"impr.1933";"Collection Fama ; 339";"text";"application/pdf ";"fre";"BUCA_Bastaire_Fama_339_C90812";"http://192.168.129.239/files/fichiers_bcu/BUCA_Bastaire_Fama_339_C90812.pdf";"Bibliothèque Université Clermont Auvergne";"Pas d’utilisation commerciale"
"Bouvet , Marie-Louise (1869-1954)";"Terre inconnue : roman";"Ed. de la ""Mode Nationale""";"impr. 1929";"Collection Fama ; 200";"text";"application/pdf ";"fre";"BUCA_Bastaire_Fama_200_C90770";"http://192.168.129.239/files/fichiers_bcu/BUCA_Bastaire_Fama_200_C90770.pdf";"Bibliothèque Université Clermont Auvergne";"Pas d’utilisation commerciale"
"Bovet , Marie-Anne de (1855-19..)";"Veuvage blanc : roman";"Ed. de la ""Mode Nationale";"impr. 1932";"Collection Fama ; 281";"text";"application/pdf ";"fre";"BUCA_Bastaire_Fama_281_C90787";"http://192.168.129.239/files/fichiers_bcu/BUCA_Bastaire_Fama_281_C90787.pdf";"Bibliothèque Université Clermont Auvergne";"Pas d’utilisation commerciale"
"Bozzi , José";"Après l'orage : roman";"Société d'éditions, publications et industries annexes";"impr. 1934";"Collection Fama ; 365";"text";"application/pdf ";"fre";"BUCA_Bastaire_Fama_365_C90807";"http://192.168.129.239/files/fichiers_bcu/BUCA_Bastaire_Fama_365_C90807.pdf";"Bibliothèque Université Clermont Auvergne";"Pas d’utilisation commerciale"
"Caton , Henriette";"Le destin veille : roman";"M. Daubin";"DL 1949";"Collection Fama : nouvelle série ; 28";"text";"application/pdf ";"fre";"BUCA_Bastaire_Fama_28_C90754";"http://192.168.129.239/files/fichiers_bcu/BUCA_Bastaire_Fama_28_C90754.pdf";"Bibliothèque Université Clermont Auvergne";"Pas d’utilisation commerciale"
"Celval , Félix (18..-1947)";"La belle aux flots dormant : roman";"Société d'éditions, publications et industries annexes";"impr. 1934";"Collection Fama ; 367";"text";"application/pdf ";"fre";"BUCA_Bastaire_Fama_367_C90809";"http://192.168.129.239/files/fichiers_bcu/BUCA_Bastaire_Fama_367_C90809.pdf";"Bibliothèque Université Clermont Auvergne";"Pas d’utilisation commerciale"
"Chigot , Elise-Marie (1873-19..)";"Le destin de Colette : roman";"Ed. de la ""Mode Nationale""";"impr. 1930";"Collection Fama ; 234";"text";"application/pdf ";"fre";"BUCA_Bastaire_Fama_234_C90775";"http://192.168.129.239/files/fichiers_bcu/BUCA_Bastaire_Fama_234_C90775.pdf";"Bibliothèque Université Clermont Auvergne";"Pas d’utilisation commerciale"
"Chigot , Elise-Marie (1873-19..)";"Le diamant rose d'Ali : roman";"Ed. de ""la mode nationale";"impr. 1932";"Collection Fama ; 332";"text";"application/pdf ";"fre";"BUCA_Bastaire_Fama_332_C90800";"http://192.168.129.239/files/fichiers_bcu/BUCA_Bastaire_Fama_332_C90800.pdf";"Bibliothèque Université Clermont Auvergne";"Pas d’utilisation commerciale"
"Chigot , Elise-Marie (1873-19..)";"Les illusions d'un coeur : roman";"Ed. de la ""Mode Nationale""";"impr. 1932";"Collection Fama ; 289";"text";"application/pdf ";"fre";"BUCA_Bastaire_Fama_289_C90790";"http://192.168.129.239/files/fichiers_bcu/BUCA_Bastaire_Fama_289_C90790.pdf";"Bibliothèque Université Clermont Auvergne";"Pas d’utilisation commerciale"
"Colonel Royet (18..-19..)";"Fleur des champs : roman";"Société d'éditions, publications et industries annexes";"impr. 1934";"Collection Fama ; 375";"text";"application/pdf ";"fre";"BUCA_Bastaire_Fama_375_C90816";"http://192.168.129.239/files/fichiers_bcu/BUCA_Bastaire_Fama_375_C90816.pdf";"Bibliothèque Université Clermont Auvergne";"Pas d’utilisation commerciale"
"Colonel Royet (18..-19..)";"Le serment de Juanita : roman";"Ed. de la ""Mode Nationale""";"impr. 1933";"Collection Fama ; 326";"text";"application/pdf ";"fre";"BUCA_Bastaire_Fama_326_C90797";"http://192.168.129.239/files/fichiers_bcu/BUCA_Bastaire_Fama_326_C90797.pdf";"Bibliothèque Université Clermont Auvergne";"Pas d’utilisation commerciale"
"Conyers , Dorothéa (1871-1949)";"Bobbie";"Société d'éditions, publications et industries annexes";"impr. 1934";"Collection Fama ; 382";"text";"application/pdf ";"fre";"BUCA_Bastaire_Fama_382_C90821";"http://192.168.129.239/files/fichiers_bcu/BUCA_Bastaire_Fama_382_C90821.pdf";"Bibliothèque Université Clermont Auvergne";"Pas d’utilisation commerciale"
"Corday , Pierre de (18..-19..)";"Un mariage romanesque";"Ed. de la ""Mode Nationale""";"impr. 1932";"Collection Fama ; 322";"text";"application/pdf ";"fre";"BUCA_Bastaire_Fama_322_C90795";"http://192.168.129.239/files/fichiers_bcu/BUCA_Bastaire_Fama_322_C90795.pdf";"Bibliothèque Université Clermont Auvergne";"Pas d’utilisation commerciale"
"Demousson , Pierre (18..-19..)";"L'émeraude du lama : roman";"Ed. de la ""Mode Nationale""";"impr. 1930";"Collection Fama ; 235";"text";"application/pdf ";"fre";"BUCA_Bastaire_Fama_235_C90776";"http://192.168.129.239/files/fichiers_bcu/BUCA_Bastaire_Fama_235_C90776.pdf";"Bibliothèque Université Clermont Auvergne";"Pas d’utilisation commerciale"
"Énault , Louis (1824-1900)";"Le château des anges . Tome I";"Ed. de la ""Mode Nationale""";"impr. 1928";"Collection Fama ; 181";"text";"application/pdf ";"fre";"BUCA_Bastaire_Fama_181_C90769";"http://192.168.129.239/files/fichiers_bcu/BUCA_Bastaire_Fama_181_C90769.pdf";"Bibliothèque Université Clermont Auvergne";"Pas d’utilisation commerciale"
"Falet , Paul (18..-19..)";"L' oiseau d'amour : roman";"Ed. de la ""Mode Nationale""";"impr. 1932";"Collection Fama ; 327";"text";"application/pdf ";"fre";"BUCA_Bastaire_Fama_327_C90798";"http://192.168.129.239/files/fichiers_bcu/BUCA_Bastaire_Fama_327_C90798.pdf";"Bibliothèque Université Clermont Auvergne";"Pas d’utilisation commerciale"
"Fiel , Marthe (1873-1949)";"Ghislaine et sa dot (prends ma place) : roman";"Société d'éditions, publications et industries annexes";"impr. 1934";"Collection Fama ; 380";"text";"application/pdf ";"fre";"BUCA_Bastaire_Fama_380_C90820";"http://192.168.129.239/files/fichiers_bcu/BUCA_Bastaire_Fama_380_C90820.pdf";"Bibliothèque Université Clermont Auvergne";"Pas d’utilisation commerciale"
"Foley , Charles (1861-1956)";"Un mystérieux touriste : roman";"Société d'éditions, publications et industries annexes";"impr. 1934";"Collection Fama ; 379";"text";"application/pdf ";"fre";"BUCA_Bastaire_Fama_379_C90819";"http://192.168.129.239/files/fichiers_bcu/BUCA_Bastaire_Fama_379_C90819.pdf";"Bibliothèque Université Clermont Auvergne";"Pas d’utilisation commerciale"
"Francis , Antoine (18..-19..)";"Les coeurs prédestinés : roman";"Ed. de la ""Mode Nationale""";"impr. 1932";"Collection Fama ; 323";"text";"application/pdf ";"fre";"BUCA_Bastaire_Fama_323_C90796";"http://192.168.129.239/files/fichiers_bcu/BUCA_Bastaire_Fama_323_C90796.pdf";"Bibliothèque Université Clermont Auvergne";"Pas d’utilisation commerciale"
"Geestelink , Marguerite";"La jeune fille aux perles : roman";"Société d'éditions, publications et industries annexes";"impr. 1934";"Collection Fama ; 371";"text";"application/pdf ";"fre";"BUCA_Bastaire_Fama_371_C90811";"http://192.168.129.239/files/fichiers_bcu/BUCA_Bastaire_Fama_371_C90811.pdf";"Bibliothèque Université Clermont Auvergne";"Pas d’utilisation commerciale"
"Grandmougin , Charles (1850-1930)";"Les soeurs Ferny";"Ed. de la ""Mode Nationale""";"Impr. 1926";"Collection Fama ; 119";"text";"application/pdf ";"fre";"BUCA_Bastaire_Fama_119_C90765";"http://192.168.129.239/files/fichiers_bcu/BUCA_Bastaire_Fama_119_C90765.pdf";"Bibliothèque Université Clermont Auvergne";"Pas d’utilisation commerciale"
"Hullet , Marie-Anne (18..-19..)";"Le spectre voilé : roman";"Ed. de ""la mode nationale";"impr. 1932";"Collection Fama ; 334";"text";"application/pdf ";"fre";"BUCA_Bastaire_Fama_334_C90802";"http://192.168.129.239/files/fichiers_bcu/BUCA_Bastaire_Fama_334_C90802.pdf";"Bibliothèque Université Clermont Auvergne";"Pas d’utilisation commerciale"
"Ichard , Jeanne Louise Marie (1876 -1951)";"Coeur qui soupire : roman";"Ed. de la ""Mode Nationale""";"impr. 1932";"Collection Fama ; 304";"text";"application/pdf ";"fre";"BUCA_Bastaire_Fama_304_C90792";"http://192.168.129.239/files/fichiers_bcu/BUCA_Bastaire_Fama_304_C90792.pdf";"Bibliothèque Université Clermont Auvergne";"Pas d’utilisation commerciale"
"Ichard , Jeanne Louise Marie (1876 -1951)";"Le roman de Guérande : roman";"Société d'éditions, publications et industries annexes";"impr. 1934";"Collection Fama ; 391";"text";"application/pdf ";"fre";"BUCA_Bastaire_Fama_391_C90825";"http://192.168.129.239/files/fichiers_bcu/BUCA_Bastaire_Fama_391_C90825.pdf";"Bibliothèque Université Clermont Auvergne";"Pas d’utilisation commerciale"
"Idiers , Marcel";"Le fiancé de Danielle : roman";"Ed. de la ""Mode nationale""";"Impr. 1931";"Collection Fama ; 265";"text";"application/pdf ";"fre";"BUCA_Bastaire_Fama_265_C90782";"http://192.168.129.239/files/fichiers_bcu/BUCA_Bastaire_Fama_265_C90782.pdf";"Bibliothèque Université Clermont Auvergne";"Pas d’utilisation commerciale"
"Idiers , Marcel";"Les coeurs esclaves : roman";"Société d'éditions publications et industries annexes";"impr. 1935";"Collection Fama ; 422";"text";"application/pdf ";"fre";"BUCA_Bastaire_Fama_422_C90842";"http://192.168.129.239/files/fichiers_bcu/BUCA_Bastaire_Fama_422_C90842.pdf";"Bibliothèque Université Clermont Auvergne";"Pas d’utilisation commerciale"
"Jagot , Henry (1854-1933)";"L'enchantement de Lucie Lauriac";"Ed. de ""La Mode Nationale";"impr. 1931";"Collection Fana ; 272";"text";"application/pdf ";"fre";"BUCA_Bastaire_Fama_272_C90784";"http://192.168.129.239/files/fichiers_bcu/BUCA_Bastaire_Fama_272_C90784.pdf";"Bibliothèque Université Clermont Auvergne";"Pas d’utilisation commerciale"
"Jagot , Henry (1854-1933)";"Le calvaire d'une âme : roman";"Ed. de ""La Mode Nationale";"impr. 1932";"Collection Fama ; 284";"text";"application/pdf ";"fre";"BUCA_Bastaire_Fama_284_C90789";"http://192.168.129.239/files/fichiers_bcu/BUCA_Bastaire_Fama_284_C90789.pdf";"Bibliothèque Université Clermont Auvergne";"Pas d’utilisation commerciale"
"Jardys , Philippe (1900-1979)";"Pour vous aimer : roman";"Ed. de la ""Mode Nationale";"impr. 1930";"Collection Fama ; 221";"text";"application/pdf ";"fre";"BUCA_Bastaire_Fama_221_C90772";"http://192.168.129.239/files/fichiers_bcu/BUCA_Bastaire_Fama_221_C90772.pdf";"Bibliothèque Université Clermont Auvergne";"Pas d’utilisation commerciale"
"Jardys , Philippe (1900-1979)";"Quand un coeur s'est donné... : roman";"Société d'éditions publications et industries annexes";"impr. 1935";"Collection Fama ; 410";"text";"application/pdf ";"fre";"BUCA_Bastaire_Fama_410_C90838";"http://192.168.129.239/files/fichiers_bcu/BUCA_Bastaire_Fama_410_C90838.pdf";"Bibliothèque Université Clermont Auvergne";"Pas d’utilisation commerciale"
"Jardys , Philippe (1900-1979)";"Ton coeur est un écho fidèle";"Société d'éditions, publications et industries annexes";"impr. 1934";"Collection Fama ; 388";"text";"application/pdf ";"fre";"BUCA_Bastaire_Fama_388_C90823";"http://192.168.129.239/files/fichiers_bcu/BUCA_Bastaire_Fama_388_C90823.pdf";"Bibliothèque Université Clermont Auvergne";"Pas d’utilisation commerciale"
"Kéry , Jean (1893-1985)";"Un coeur et un million : roman";"Société d'éditions publications et industries annexes";"impr. 1934";"Collection Fama ; 405";"text";"application/pdf ";"fre";"BUCA_Bastaire_Fama_405_C90834";"http://192.168.129.239/files/fichiers_bcu/BUCA_Bastaire_Fama_405_C90834.pdf";"Bibliothèque Université Clermont Auvergne";"Pas d’utilisation commerciale"
"La Frau , Hugues (18..-19..)";"L'erreur de maître Destange : roman";"Ed. de la ""Mode nationale""";"impr. 1931";"Collection Fama ; 263";"text";"application/pdf ";"fre";"BUCA_Bastaire_Fama_263_C90781";"http://192.168.129.239/files/fichiers_bcu/BUCA_Bastaire_Fama_263_C90781.pdf";"Bibliothèque Université Clermont Auvergne";"Pas d’utilisation commerciale"
"Langlade , Henriette";"Le plus doux secret : roman";"Société d'éditions, publications et industries annexes";"impr. 1934";"Collection Fama ; 376";"text";"application/pdf ";"fre";"BUCA_Bastaire_Fama_376_C90817";"http://192.168.129.239/files/fichiers_bcu/BUCA_Bastaire_Fama_376_C90817.pdf";"Bibliothèque Université Clermont Auvergne";"Pas d’utilisation commerciale"
"Langlade , Henriette";"Les étapes de la vie : roman";"Ed. de la mode nationale";"impr. 1933";"Collection Fama ; 318";"text";"application/pdf ";"fre";"BUCA_Bastaire_Fama_318_C90794";"http://192.168.129.239/files/fichiers_bcu/BUCA_Bastaire_Fama_318_C90794.pdf";"Bibliothèque Université Clermont Auvergne";"Pas d’utilisation commerciale"
"Lauvernière , H";"Les principes de tante Gertrude : roman";"Ed. de la ""Mode Nationale""";"impr. 1932";"Collection Fama ; 333";"text";"application/pdf ";"fre";"BUCA_Bastaire_Fama_333_C90801";"http://192.168.129.239/files/fichiers_bcu/BUCA_Bastaire_Fama_333_C90801.pdf";"Bibliothèque Université Clermont Auvergne";"Pas d’utilisation commerciale"
"Le Faure , Georges (1856-1953)";"La mystérieuse aventure de Fridette : roman";"Société d'éditions, publications et industries annexes";"impr. 1934";"Collection Fama ; 372";"text";"application/pdf ";"fre";"BUCA_Bastaire_Fama_372_C90812";"http://192.168.129.239/files/fichiers_bcu/BUCA_Bastaire_Fama_372_C90812.pdf";"Bibliothèque Université Clermont Auvergne";"Pas d’utilisation commerciale"
"Maisonneuve , Yves";"Le sphinx aux cheveux d'or : roman";"Société d'éditions, publications et industries annexes";"iimpr. 1934";"Collection Fama ; 374";"text";"application/pdf ";"fre";"BUCA_Bastaire_Fama_374_C90814";"http://192.168.129.239/files/fichiers_bcu/BUCA_Bastaire_Fama_374_C90814.pdf";"Bibliothèque Université Clermont Auvergne";"Pas d’utilisation commerciale"
"Le Jeune , Raoul (1880-....)";"L'amour, c'est notre loi";"Ed. de ""La Mode Nationale";"impr. 1931";"Collection Fana ; 275";"text";"application/pdf ";"fre";"BUCA_Bastaire_Fama_275_C90785";"http://192.168.129.239/files/fichiers_bcu/BUCA_Bastaire_Fama_275_C90785.pdf";"Bibliothèque Université Clermont Auvergne";"Pas d’utilisation commerciale"
"Le Jeune , Raoul (1880-....)";"Son rêve : roman";"Société d'éditions, publications et industries annexes";"impr. 1934";"Collection Fama ; 368";"text";"application/pdf ";"fre";"BUCA_Bastaire_Fama_368_C90810";"http://192.168.129.239/files/fichiers_bcu/BUCA_Bastaire_Fama_368_C90810.pdf";"Bibliothèque Université Clermont Auvergne";"Pas d’utilisation commerciale"
"Levasseur , Suzanne (1888-1976)";"Le chevalier Printemps";"Ed. de la ""Mode Nationale""";"impr. 1925";"Collection Fama ; 104";"text";"application/pdf ";"fre";"BUCA_Bastaire_Fama_104_C90764";"http://192.168.129.239/files/fichiers_bcu/BUCA_Bastaire_Fama_104_C90764.pdf";"Bibliothèque Université Clermont Auvergne";"Pas d’utilisation commerciale"
"Lorn , Anny (1882-1977)";"L'inconnu du rapide : roman";"Société d'éditions, publications et industries annexes";"impr. 1933";"Collection Fama ; 366";"text";"application/pdf ";"fre";"BUCA_Bastaire_Fama_366_C90808";"http://192.168.129.239/files/fichiers_bcu/BUCA_Bastaire_Fama_366_C90808.pdf";"Bibliothèque Université Clermont Auvergne";"Pas d’utilisation commerciale"
"Lorn , Anny (1882-1977)";"La jolie dame : roman";"Société d'éditions, publications et industries annexes";"impr. 1933";"Collection Fama ; 358";"text";"application/pdf ";"fre";"BUCA_Bastaire_Fama_358_C90806";"http://192.168.129.239/files/fichiers_bcu/BUCA_Bastaire_Fama_358_C90806.pdf";"Bibliothèque Université Clermont Auvergne";"Pas d’utilisation commerciale"
"Magali (1898-1986)";"Dans la geôle enchantée : roman";"Société d'éditions publications et industries annexes";"impr. 1934";"Collection Fama ; 396";"text";"application/pdf ";"fre";"BUCA_Bastaire_Fama_396_C90829";"http://192.168.129.239/files/fichiers_bcu/BUCA_Bastaire_Fama_396_C90829.pdf";"Bibliothèque Université Clermont Auvergne";"Pas d’utilisation commerciale"
"Magali (1898-1986)";"Eve enchaînée : roman";"Ed. de la ""Mode nationale""";"impr. 1931";"Collection Fama ; 267";"text";"application/pdf ";"fre";"BUCA_Bastaire_Fama_267_C90783";"http://192.168.129.239/files/fichiers_bcu/BUCA_Bastaire_Fama_267_C90783.pdf";"Bibliothèque Université Clermont Auvergne";"Pas d’utilisation commerciale"
"Magali (1898-1986)";"Martine au coeur secret : roman";"Ed. de la ""Mode nationale""";"impr. 1932";"Collection Fama ; 277";"text";"application/pdf ";"fre";"BUCA_Bastaire_Fama_277_C90786";"http://192.168.129.239/files/fichiers_bcu/BUCA_Bastaire_Fama_277_C90786.pdf";"Bibliothèque Université Clermont Auvergne";"Pas d’utilisation commerciale"
"Manteuffel , Ursula Zöge von (1850-1910)";"Lora";"Ed. de la ""Mode Nationale""";"Impr. 1926";"Collection Fama ; 140";"text";"application/pdf ";"fre";"BUCA_Bastaire_Fama_140_C90767";"http://192.168.129.239/files/fichiers_bcu/BUCA_Bastaire_Fama_140_C90767.pdf";"Bibliothèque Université Clermont Auvergne";"Pas d’utilisation commerciale"
"Marchal , Henri";"L'enfant de Noël : roman inédit";"Société d'éditions publications et industries annexes";"impr. 1934";"Collection Fama ; 387";"text";"application/pdf ";"fre";"BUCA_Bastaire_Fama_387_C90822";"http://192.168.129.239/files/fichiers_bcu/BUCA_Bastaire_Fama_387_C90822.pdf";"Bibliothèque Université Clermont Auvergne";"Pas d’utilisation commerciale"
"Martial , Hélène";"Femmes de marins . L'absence";"Ed. de la ""Mode Nationale""";"[s. d.]";"Collection Fama ; 23";"text";"application/pdf ";"fre";"BUCA_Bastaire_Fama_23_C90756";"http://192.168.129.239/files/fichiers_bcu/BUCA_Bastaire_Fama_23_C90756.pdf";"Bibliothèque Université Clermont Auvergne";"Pas d’utilisation commerciale"
"Milan , Amélie Juliette (1872-1932)";"Les conquêtes du commandant Belormeau";"Ed. de la ""Mode Nationale""";"impr. 1927";"Collection Fama ; 71";"text";"application/pdf ";"fre";"BUCA_Bastaire_Fama_71_C90762";"http://192.168.129.239/files/fichiers_bcu/BUCA_Bastaire_Fama_71_C90762.pdf";"Bibliothèque Université Clermont Auvergne";"Pas d’utilisation commerciale"
"Morin-Sarrus , Jacques";"Pourquoi n'avez-vous pas compris ?... : roman";"Société d'éditions, publications et industries annexes";"impr. 1934";"Collection Fama ; 393";"text";"application/pdf ";"fre";"BUCA_Bastaire_Fama_393_C90828";"http://192.168.129.239/files/fichiers_bcu/BUCA_Bastaire_Fama_393_C90828.pdf";"Bibliothèque Université Clermont Auvergne";"Pas d’utilisation commerciale"
"Mouthiez , Claude (18..-19..)";"Sylva, la sauvageonne : roman";"S.E.P.I.A.";"DL 1954";"Collection Fama ; 55";"text";"application/pdf ";"fre";"BUCA_Bastaire_Fama_55_C90759";"http://192.168.129.239/files/fichiers_bcu/BUCA_Bastaire_Fama_55_C90759.pdf";"Bibliothèque Université Clermont Auvergne";"Pas d’utilisation commerciale"
"Novel , Guy de";"Son maître";"Société d'éditions, publications et industries annexes";"impr. 1934";"Collection Fama ; 389";"text";"application/pdf ";"fre";"BUCA_Bastaire_Fama_389_C90824";"http://192.168.129.239/files/fichiers_bcu/BUCA_Bastaire_Fama_389_C90824.pdf";"Bibliothèque Université Clermont Auvergne";"Pas d’utilisation commerciale"
"Fleurange , Claude";"Mon ennemi chéri : roman";"Société d'éditions publications et industries annexes";"impr. 1934";"Collection Fama ; 398";"text";"application/pdf ";"fre";"BUCA_Bastaire_Fama_398_C90830";"http://192.168.129.239/files/fichiers_bcu/BUCA_Bastaire_Fama_398_C90830.pdf";"Bibliothèque Université Clermont Auvergne";"Pas d’utilisation commerciale"
"Priollet , Marcel (1884-1960)";"Quatre coeurs sur les routes de l'amour . [II] . J'aime... et j'accuse !";"Société d'éditions publications et industries annexes";"impr. 1934";"Collection Fama ; 399";"text";"application/pdf ";"fre";"BUCA_Bastaire_Fama_399_C90831";"http://192.168.129.239/files/fichiers_bcu/BUCA_Bastaire_Fama_399_C90831.pdf";"Bibliothèque Université Clermont Auvergne";"Pas d’utilisation commerciale"
"Puliga , Henrietta de Quigini (1847-1938)";"La voix qui accuse";"Ed. de la ""Mode Nationale""";"[s .d.]";"Collection Fama ; 96";"text";"application/pdf ";"fre";"BUCA_Bastaire_Fama_96_C90763";"http://192.168.129.239/files/fichiers_bcu/BUCA_Bastaire_Fama_96_C90763.pdf";"Bibliothèque Université Clermont Auvergne";"Pas d’utilisation commerciale"
"Redanges , Jacques";"Le rêve d'Hélène : roman";"Société d'éditions, publications et industries annexes";"impr. 1934";"Collection Fama ; 377";"text";"application/pdf ";"fre";"BUCA_Bastaire_Fama_377_C90818";"http://192.168.129.239/files/fichiers_bcu/BUCA_Bastaire_Fama_377_C90818.pdf";"Bibliothèque Université Clermont Auvergne";"Pas d’utilisation commerciale"
"Reyssa , José";"Le blond fantôme de l'amour : roman";"Société d'éditions, publications et industries annexes";"impr. 1933";"Collection Fama ; 357";"text";"application/pdf ";"fre";"BUCA_Bastaire_Fama_357_C90805";"http://192.168.129.239/files/fichiers_bcu/BUCA_Bastaire_Fama_357_C90805.pdf";"Bibliothèque Université Clermont Auvergne";"Pas d’utilisation commerciale"
"Reyssa , José";"Un coeur et son mystère : roman";"Ed. de la ""Mode Nationale""";"impr. 1933";"Collection Fama ; 329";"text";"application/pdf ";"fre";"BUCA_Bastaire_Fama_329_C90799";"http://192.168.129.239/files/fichiers_bcu/BUCA_Bastaire_Fama_329_C90799.pdf";"Bibliothèque Université Clermont Auvergne";"Pas d’utilisation commerciale"
"Reyssa , José";"Une tâche sur le nom : roman";"Société d'éditions, publications et industries annexes";"impr. 1934";"Collection Fama ; 392";"text";"application/pdf ";"fre";"BUCA_Bastaire_Fama_392_C90827";"http://192.168.129.239/files/fichiers_bcu/BUCA_Bastaire_Fama_392_C90827.pdf";"Bibliothèque Université Clermont Auvergne";"Pas d’utilisation commerciale"
"Saint-Marc , Jean de (18..-19..)";"Le fiancé de Josette : roman";"Ed. de la ""Mode nationale""";"impr. 1931";"Collection Fama ; 249";"text";"application/pdf ";"fre";"BUCA_Bastaire_Fama_249_C90779";"http://192.168.129.239/files/fichiers_bcu/BUCA_Bastaire_Fama_249_C90779.pdf";"Bibliothèque Université Clermont Auvergne";"Pas d’utilisation commerciale"
"Salmon , Paul (1884-1965)";"Un grand amour est né : roman";"Ed. de la ""Mode Nationale""";"impr. 1930";"Collection Fama ; 242";"text";"application/pdf ";"fre";"BUCA_Bastaire_Fama_242_C90777";"http://192.168.129.239/files/fichiers_bcu/BUCA_Bastaire_Fama_242_C90777.pdf";"Bibliothèque Université Clermont Auvergne";"Pas d’utilisation commerciale"
"Sempré , Jacques (18..-19..)";"Le lien vivant : roman";"Ed. de la ""Mode Nationale""";"impr. 1932";"Collection Fama ; 296";"text";"application/pdf ";"fre";"BUCA_Bastaire_Fama_296_C90791";"http://192.168.129.239/files/fichiers_bcu/BUCA_Bastaire_Fama_296_C90791.pdf";"Bibliothèque Université Clermont Auvergne";"Pas d’utilisation commerciale"
"Siméon , Florent";"La maîtresse de La Morinière : roman";"M. Daubin";"DL 1947";"Collection Fama : nouvelle série ; 8";"text";"application/pdf ";"fre";"BUCA_Bastaire_Fama_8_C90752";"http://192.168.129.239/files/fichiers_bcu/BUCA_Bastaire_Fama_8_C90752.pdf";"Bibliothèque Université Clermont Auvergne";"Pas d’utilisation commerciale"
"Souvigny , Pierre de";"Le second mari de Lady Stanley : roman";"Ed. de ""La mode nationale""";"impr.1931";"Collection Fama ; 246";"text";"application/pdf ";"fre";"BUCA_Bastaire_Fama_246_C90778";"http://192.168.129.239/files/fichiers_bcu/BUCA_Bastaire_Fama_246_C90778.pdf";"Bibliothèque Université Clermont Auvergne";"Pas d’utilisation commerciale"
"Spitzmuller , Georges (1867-1925)";"Le secret du vieux château";"Ed. de la ""Mode Nationale""";"[19..]";"Collection Fama ; 36";"text";"application/pdf ";"fre";"BUCA_Bastaire_Fama_36_C90757";"http://192.168.129.239/files/fichiers_bcu/BUCA_Bastaire_Fama_36_C90757.pdf";"Bibliothèque Université Clermont Auvergne";"Pas d’utilisation commerciale"
"Tinseau , Léon de (1844-1921)";"Le secrétaire de madame la Duchesse";"Ed. de la ""Mode Nationale""";"1926";"Collection Fama ; 137";"text";"application/pdf ";"fre";"BUCA_Bastaire_Fama_137_C90766";"http://192.168.129.239/files/fichiers_bcu/BUCA_Bastaire_Fama_137_C90766.pdf";"Bibliothèque Université Clermont Auvergne";"Pas d’utilisation commerciale"
"Triaire , Marcel";"Jeunesse en fleur : roman";"M. Daubin";"DL 1949";"Collection Fama : nouvelle série ; 32";"text";"application/pdf ";"fre";"BUCA_Bastaire_Fama_32_C90755";"http://192.168.129.239/files/fichiers_bcu/BUCA_Bastaire_Fama_32_C90755.pdf";"Bibliothèque Université Clermont Auvergne";"Pas d’utilisation commerciale"
"Vayre , Charles (1873-19..)";"Les deux fiancées : roman d'amour";"Société d'éditions publications et industries annexes";"impr. 1934";"Collection Fama ; 406";"text";"application/pdf ";"fre";"BUCA_Bastaire_Fama_406_C90835";"http://192.168.129.239/files/fichiers_bcu/BUCA_Bastaire_Fama_406_C90835.pdf";"Bibliothèque Université Clermont Auvergne";"Pas d’utilisation commerciale"
"Vèdes , Suzy de (18..-19..)";"Chiffonnette : roman";"Société d'éditions, publications et industries annexes";"impr. 1933";"Collection Fama ; 351";"text";"application/pdf ";"fre";"BUCA_Bastaire_Fama_351_C90804";"http://192.168.129.239/files/fichiers_bcu/BUCA_Bastaire_Fama_351_C90804.pdf";"Bibliothèque Université Clermont Auvergne";"Pas d’utilisation commerciale"
"Vertiol , Andrée";"La force du pardon ; [suivi de] Le fiancé de Yolaine ; Les inquiétudes de Mlle Angélique";"Ed. de la ""Mode Nationale""";"Impr. 1924";"Collection Fama ; 66";"text";"application/pdf ";"fre";"BUCA_Bastaire_Fama_66_C90760";"http://192.168.129.239/files/fichiers_bcu/BUCA_Bastaire_Fama_66_C90760.pdf";"Bibliothèque Université Clermont Auvergne";"Pas d’utilisation commerciale"
"Vertiol , Andrée";"La fée du vieux logis";"Ed. de la ""Mode Nationale""";"[19..]";"Collection Fama ; 5";"text";"application/pdf ";"fre";"BUCA_Bastaire_Fama_5_C90751";"http://192.168.129.239/files/fichiers_bcu/BUCA_Bastaire_Fama_5_C90751.pdf";"Bibliothèque Université Clermont Auvergne";"Pas d’utilisation commerciale"
"Wailly , Marie de (1880-1964)";"L'étincelle : roman";"Société d'éditions publications et industries annexes";"impr. 1934";"Collection Fama ; 402";"text";"application/pdf ";"fre";"BUCA_Bastaire_Fama_402_C90833";"http://192.168.129.239/files/fichiers_bcu/BUCA_Bastaire_Fama_402_C90833.pdf";"Bibliothèque Université Clermont Auvergne";"Pas d’utilisation commerciale"
"Warden , Gertrude (18..-19..)";"Maison hantée . Tome I";"Ed. de la ""Mode Nationale""";"impr. 1927";"Collection Fama ; 51";"text";"application/pdf ";"fre";"BUCA_Bastaire_Fama_51_C90758";"http://192.168.129.239/files/fichiers_bcu/BUCA_Bastaire_Fama_51_C90758.pdf";"Bibliothèque Université Clermont Auvergne";"Pas d’utilisation commerciale"
"White , Frederick Merrick (1859-1935)";"Le secret des sables : roman";"Ed. de la ""Mode Nationale""";"impr. 1930";"Collection Fama ; 230";"text";"application/pdf ";"fre";"BUCA_Bastaire_Fama_221_C90772";"http://192.168.129.239/files/fichiers_bcu/BUCA_Bastaire_Fama_221_C90772.pdf";"Bibliothèque Université Clermont Auvergne";"Pas d’utilisation commerciale"
"Williamson , Alice Muriel (1869-1933)";"La maison du silence : roman";"Ed. de la ""Mode Nationale""";"impr. 1928";"Collection Fama ; 177";"text";"application/pdf ";"fre";"BUCA_Bastaire_Fama_177_C90768";"http://192.168.129.239/files/fichiers_bcu/BUCA_Bastaire_Fama_177_C90768.pdf";"Bibliothèque Université Clermont Auvergne";"Pas d’utilisation commerciale"
"Woestyn , H.-R.";"La voisine aux millions : roman";"Ed. de la ""Mode Nationale""";"impr. 1930";"Collection Fama ; 232";"text";"application/pdf ";"fre";"BUCA_Bastaire_Fama_232_C90774";"http://192.168.129.239/files/fichiers_bcu/BUCA_Bastaire_Fama_232_C90774.pdf";"Bibliothèque Université Clermont Auvergne";"Pas d’utilisation commerciale"
"Aghion , Marie Reine";"Ma cousine de Paris : roman";"Société d'éditions publications et industries annexes";"impr. 1938";"Collection Fama ; 573";"text";"application/pdf ";"fre";"BUCA_Bastaire_Fama_573_C90875";"http://192.168.129.239/files/fichiers_bcu/BUCA_Bastaire_Fama_573_C90875.pdf";"Bibliothèque Université Clermont Auvergne";"Pas d’utilisation commerciale"
"Aubigny , Roger d'";"Ces fleurs et notre amour... : roman";"Société d'éditions publications et industries annexes";"impr. 1938";"Collection Fama ; 591";"text";"application/pdf ";"fre";"BUCA_Bastaire_Fama_591_C90891";"http://192.168.129.239/files/fichiers_bcu/BUCA_Bastaire_Fama_591_C90891.pdf";"Bibliothèque Université Clermont Auvergne";"Pas d’utilisation commerciale"
"Aubigny , Roger d'";"Divine clarté : roman";"Société d'éditions publications et industries annexes";"impr. 1939";"Collection Fama ; 646";"text";"application/pdf ";"fre";"BUCA_Bastaire_Fama_646_C90913";"http://192.168.129.239/files/fichiers_bcu/BUCA_Bastaire_Fama_646_C90913.pdf";"Bibliothèque Université Clermont Auvergne";"Pas d’utilisation commerciale"
"Aubigny , Roger d'";"Les bâteliers du crépuscule : roman";"Société d'éditions publications et industries annexes";"impr. 1936";"Collection Fama ; 474";"text";"application/pdf ";"fre";"BUCA_Bastaire_Fama_474_C90849";"http://192.168.129.239/files/fichiers_bcu/BUCA_Bastaire_Fama_474_C90849.pdf";"Bibliothèque Université Clermont Auvergne";"Pas d’utilisation commerciale"
"Aulès , Marc";"La chaîne du passé : roman";"Société d'éditions, publications et industries annexes";"impr. 1939";"Collection Fama ; 629";"text";"application/pdf ";"fre";"BUCA_Bastaire_Fama_629_C90906";"http://192.168.129.239/files/fichiers_bcu/BUCA_Bastaire_Fama_629_C90906.pdf";"Bibliothèque Université Clermont Auvergne";"Pas d’utilisation commerciale"
"Bonneau , Albert (1898-1967)";"A l'ombre du vieux clocher : roman";"Société d'éditions publications et industries annexes";"impr. 1939";"Collection Fama ; 625";"text";"application/pdf ";"fre";"BUCA_Bastaire_Fama_625_C90902";"http://192.168.129.239/files/fichiers_bcu/BUCA_Bastaire_Fama_625_C90902.pdf";"Bibliothèque Université Clermont Auvergne";"Pas d’utilisation commerciale"
"Bonneau , Albert (1898-1967)";"La croisière du ""Myosotis"" : roman";"Société d'éditions publications et industries annexes";"impr. 1937";"Collection Fama ; 543";"text";"application/pdf ";"fre";"BUCA_Bastaire_Fama_543_C90862";"http://192.168.129.239/files/fichiers_bcu/BUCA_Bastaire_Fama_543_C90862.pdf";"Bibliothèque Université Clermont Auvergne";"Pas d’utilisation commerciale"
"Bonneau , Albert (1898-1967)";"La filleule de mon curé : roman";"Société d'éditions publications et industries annexes";"impr. 1937";"Collection Fama ; 559";"text";"application/pdf ";"fre";"BUCA_Bastaire_Fama_559_C90869";"http://192.168.129.239/files/fichiers_bcu/BUCA_Bastaire_Fama_559_C90869.pdf";"Bibliothèque Université Clermont Auvergne";"Pas d’utilisation commerciale"
"Bonneau , Albert (1898-1967)";"La fugue de Marinette : roman";"Société d'éditions publications et industries annexes";"impr. 1939";"Collection Fama ; 658";"text";"application/pdf ";"fre";"BUCA_Bastaire_Fama_658_C90917";"http://192.168.129.239/files/fichiers_bcu/BUCA_Bastaire_Fama_658_C90917.pdf";"Bibliothèque Université Clermont Auvergne";"Pas d’utilisation commerciale"
"Bonneau , Albert (1898-1967)";"La merveilleuse tournée : roman";"Société d'éditions publications et industries annexes";"impr. 1937";"Collection Fama ; 527";"text";"application/pdf ";"fre";"BUCA_Bastaire_Fama_527_C90858";"http://192.168.129.239/files/fichiers_bcu/BUCA_Bastaire_Fama_527_C90858.pdf";"Bibliothèque Université Clermont Auvergne";"Pas d’utilisation commerciale"
"Bonneau , Albert (1898-1967)";"Le coeur de Minouchette : roman";"Société d'éditions publications et industries annexes";"impr. 1937";"Collection Fama ; 553";"text";"application/pdf ";"fre";"BUCA_Bastaire_Fama_553_C90867";"http://192.168.129.239/files/fichiers_bcu/BUCA_Bastaire_Fama_553_C90867.pdf";"Bibliothèque Université Clermont Auvergne";"Pas d’utilisation commerciale"
"Bonneau , Albert (1898-1967)";"Ma chère petite ville : roman";"Société d'éditions publications et industries annexes";"impr. 1938";"Collection Fama ; 594";"text";"application/pdf ";"fre";"BUCA_Bastaire_Fama_594_C90884";"http://192.168.129.239/files/fichiers_bcu/BUCA_Bastaire_Fama_594_C90884.pdf";"Bibliothèque Université Clermont Auvergne";"Pas d’utilisation commerciale"
"Bonneau , Albert (1898-1967)";"Tantinette : roman";"Société d'éditions publications et industries annexes";"impr. 1936";"Collection Fama ; 480";"text";"application/pdf ";"fre";"BUCA_Bastaire_Fama_480_C90851";"http://192.168.129.239/files/fichiers_bcu/BUCA_Bastaire_Fama_480_C90851.pdf";"Bibliothèque Université Clermont Auvergne";"Pas d’utilisation commerciale"
"Boulan , Robert-Jean (1903-1959)";"Au paradis des étoiles : roman";"Société d'éditions publications et industries annexes";"impr. 1938";"Collection Fama ; 596";"text";"application/pdf ";"fre";"BUCA_Bastaire_Fama_596_C90886";"http://192.168.129.239/files/fichiers_bcu/BUCA_Bastaire_Fama_596_C90886.pdf";"Bibliothèque Université Clermont Auvergne";"Pas d’utilisation commerciale"
"Boulan , Robert-Jean (1903-1959)";"L' ombre sur la route : roman";"Société d'éditions publications et industries annexes";"impr. 1938";"Collection Fama ; 609";"text";"application/pdf ";"fre";"BUCA_Bastaire_Fama_609_C90895";"http://192.168.129.239/files/fichiers_bcu/BUCA_Bastaire_Fama_609_C90895.pdf";"Bibliothèque Université Clermont Auvergne";"Pas d’utilisation commerciale"
"Cère , Lise de (1893-1978)";"La fée du val d'Erèbe : roman";"Société d'éditions publications et industries annexes";"impr.1937";"Collection Fama ; 556";"text";"application/pdf ";"fre";"BUCA_Bastaire_Fama_556_C90868";"http://192.168.129.239/files/fichiers_bcu/BUCA_Bastaire_Fama_556_C90868.pdf";"Bibliothèque Université Clermont Auvergne";"Pas d’utilisation commerciale"
"Chaigneau , Pierre";"Une idylle en mer : roman";"Société d'éditions publications et industries annexes";"impr. 1938";"Collection Fama ; 584";"text";"application/pdf ";"fre";"BUCA_Bastaire_Fama_584_C90880";"http://192.168.129.239/files/fichiers_bcu/BUCA_Bastaire_Fama_584_C90880.pdf";"Bibliothèque Université Clermont Auvergne";"Pas d’utilisation commerciale"
"Ciska";"J'aime qu'on m'aime : roman";"Société d'éditions publications et industries annexes";"impr. 1938";"Collection Fama ; 581";"text";"application/pdf ";"fre";"BUCA_Bastaire_Fama_581_C90879";"http://192.168.129.239/files/fichiers_bcu/BUCA_Bastaire_Fama_581_C90879.pdf";"Bibliothèque Université Clermont Auvergne";"Pas d’utilisation commerciale"
"Contino , Magda";"Le monsieur des ruines : roman";"Société d'éditions publications et industries annexes";"impr. 1939";"Collection Fama ; 649";"text";"application/pdf ";"fre";"BUCA_Bastaire_Fama_649_C90914";"http://192.168.129.239/files/fichiers_bcu/BUCA_Bastaire_Fama_649_C90914.pdf";"Bibliothèque Université Clermont Auvergne";"Pas d’utilisation commerciale"
"Crisenoy , Maria de (1882-1965)";"L'aventure : roman";"Société d'éditions publications et industries annexes";"impr.1940";"Collection Fama ; 694";"text";"application/pdf ";"fre";"BUCA_Bastaire_Fama_694_C90923";"http://192.168.129.239/files/fichiers_bcu/BUCA_Bastaire_Fama_694_C90923.pdf";"Bibliothèque Université Clermont Auvergne";"Pas d’utilisation commerciale"
"Dauméric , Renée";"L'amour et l'amitié : roman";"Société d'éditions, publications et industries annexes";"impr. 1941";"Collection Fama ; 700";"text";"application/pdf ";"fre";"BUCA_Bastaire_Fama_700_C90925";"http://192.168.129.239/files/fichiers_bcu/BUCA_Bastaire_Fama_700_C90925.pdf";"Bibliothèque Université Clermont Auvergne";"Pas d’utilisation commerciale"
"Geestelink , Marguerite";"L'or du Liban : roman";"Société d'éditions publications et industries annexes";"impr. 1938";"Collection Fama ; 577";"text";"application/pdf ";"fre";"BUCA_Bastaire_Fama_577_C90877";"http://192.168.129.239/files/fichiers_bcu/BUCA_Bastaire_Fama_577_C90877.pdf";"Bibliothèque Université Clermont Auvergne";"Pas d’utilisation commerciale"
"Geestelink , Marguerite";"Le douloureux passé : roman";"Société d'éditions publications et industries annexes";"impr. 1941";"Collection Fama ; 707";"text";"application/pdf ";"fre";"BUCA_Bastaire_Fama_707_C90929";"http://192.168.129.239/files/fichiers_bcu/BUCA_Bastaire_Fama_707_C90929.pdf";"Bibliothèque Université Clermont Auvergne";"Pas d’utilisation commerciale"
"Gérard , Edith";"L'heure du pardon : roman";"Société d'éditions publications et industries annexes)";"impr. 1939";"Collection Fama ; 624";"text";"application/pdf ";"fre";"BUCA_Bastaire_Fama_624_C90901";"http://192.168.129.239/files/fichiers_bcu/BUCA_Bastaire_Fama_624_C90901.pdf";"Bibliothèque Université Clermont Auvergne";"Pas d’utilisation commerciale"
"Gillet-Allart , Georges";"Le chant du passé : roman";"Société d'éditions publications et industries annexes";"impr.1938";"Collection Fama ; 563";"text";"application/pdf ";"fre";"BUCA_Bastaire_Fama_563_C90872";"http://192.168.129.239/files/fichiers_bcu/BUCA_Bastaire_Fama_563_C90872.pdf";"Bibliothèque Université Clermont Auvergne";"Pas d’utilisation commerciale"
"Ichard , Jeanne Louise Marie (1876 -1951)";"L'amour décide : roman";"Société d'éditions, publications et industries annexes";"impr. 1939";"Collection Fama ; 627";"text";"application/pdf ";"fre";"BUCA_Bastaire_Fama_627_C90903";"http://192.168.129.239/files/fichiers_bcu/BUCA_Bastaire_Fama_627_C90903.pdf";"Bibliothèque Université Clermont Auvergne";"Pas d’utilisation commerciale"
"Ichard , Jeanne Louise Marie (1876 -1951)";"La tour maudite : roman";"Société d'éditions, publications et industries annexes";"impr. 1937";"Collection Fama ; 546";"text";"application/pdf ";"fre";"BUCA_Bastaire_Fama_546_C90863";"http://192.168.129.239/files/fichiers_bcu/BUCA_Bastaire_Fama_546_C90863.pdf";"Bibliothèque Université Clermont Auvergne";"Pas d’utilisation commerciale"
"Ichard , Jeanne Louise Marie (1876 -1951)";"Tendresse d'aînée : roman";"Société d'éditions, publications et industries annexes";"impr. 1941";"Collection Fama ; 698";"text";"application/pdf ";"fre";"BUCA_Bastaire_Fama_698_C90924";"http://192.168.129.239/files/fichiers_bcu/BUCA_Bastaire_Fama_698_C90924.pdf";"Bibliothèque Université Clermont Auvergne";"Pas d’utilisation commerciale"
"Idiers , Marcel";"L'enlèvement d'Yvonne : roman";"Société d'éditions publications et industries annexes";"impr. 1941";"Collection Fama ; 704";"text";"application/pdf ";"fre";"BUCA_Bastaire_Fama_704_C90928";"http://192.168.129.239/files/fichiers_bcu/BUCA_Bastaire_Fama_704_C90928.pdf";"Bibliothèque Université Clermont Auvergne";"Pas d’utilisation commerciale"
"Jardys , Philippe (1900-1979)";"Femme au coeur mystérieux : roman";"Société d'éditions publications et industries annexes";"impr. 1938";"Collection Fama ; 562";"text";"application/pdf ";"fre";"BUCA_Bastaire_Fama_562_C90882";"http://192.168.129.239/files/fichiers_bcu/BUCA_Bastaire_Fama_562_C90882.pdf";"Bibliothèque Université Clermont Auvergne";"Pas d’utilisation commerciale"
"Jardys , Philippe (1900-1979)";"La villa des heures claires : roman";"Société d'éditions publications et industries annexes";"impr. 1937";"Collection Fama ; 524";"text";"application/pdf ";"fre";"BUCA_Bastaire_Fama_524_C90857";"http://192.168.129.239/files/fichiers_bcu/BUCA_Bastaire_Fama_524_C90857.pdf";"Bibliothèque Université Clermont Auvergne";"Pas d’utilisation commerciale"
"Jardys , Philippe (1900-1979)";"Tout près l'un de l'autre : roman";"Société d'éditions publications et industries annexes";"impr. 1938";"Collection Fama ; 588";"text";"application/pdf ";"fre";"BUCA_Bastaire_Fama_588_C90889";"http://192.168.129.239/files/fichiers_bcu/BUCA_Bastaire_Fama_588_C90889.pdf";"Bibliothèque Université Clermont Auvergne";"Pas d’utilisation commerciale"
"Kéry , Jean (1893-1985)";"La blonde fée de Kerreval : roman inédit";"Société d'éditions publications et industries annexes";"impr. 1935";"Collection Fama ; 438";"text";"application/pdf ";"fre";"BUCA_Bastaire_Fama_438_C90846";"http://192.168.129.239/files/fichiers_bcu/BUCA_Bastaire_Fama_438_C90846.pdf";"Bibliothèque Université Clermont Auvergne";"Pas d’utilisation commerciale"
"Kéry , Jean (1893-1985)";"La rançon du mensonge : roman";"Société d'éditions publications et industries annexes";"impr. 1939";"Collection Fama ; 630";"text";"application/pdf ";"fre";"BUCA_Bastaire_Fama_630_C90907";"http://192.168.129.239/files/fichiers_bcu/BUCA_Bastaire_Fama_630_C90907.pdf";"Bibliothèque Université Clermont Auvergne";"Pas d’utilisation commerciale"
"Kéry , Jean (1893-1985)";"Tuteur malgré soi : roman";"Société d'éditions publications et industries annexes";"impr. 1938";"Collection Fama ; 600";"text";"application/pdf ";"fre";"BUCA_Bastaire_Fama_600_C90892";"http://192.168.129.239/files/fichiers_bcu/BUCA_Bastaire_Fama_600_C90892.pdf";"Bibliothèque Université Clermont Auvergne";"Pas d’utilisation commerciale"
"Langlois , Hélène";"Mag ou Mamie : roman";"Société d'éditions publications et industries annexes";"impr. 1940";"Collection Fama ; 675";"text";"application/pdf ";"fre";"BUCA_Bastaire_Fama_675_C90920";"http://192.168.129.239/files/fichiers_bcu/BUCA_Bastaire_Fama_675_C90920.pdf";"Bibliothèque Université Clermont Auvergne";"Pas d’utilisation commerciale"
"Le Faure , Georges (1856-1953)";"La romance aux étoiles : roman";"Société d'éditions publications et industries annexes";"impr. 1936";"Collection Fama ; 486";"text";"application/pdf ";"fre";"BUCA_Bastaire_Fama_486_C90853";"http://192.168.129.239/files/fichiers_bcu/BUCA_Bastaire_Fama_486_C90853.pdf";"Bibliothèque Université Clermont Auvergne";"Pas d’utilisation commerciale"
"Lettry , Hélène (18..-19..)";"Pour vivre heureux... : roman";"Société d'éditions publications et industries annexes";"impr. 1935";"Collection Fama ; 453";"text";"application/pdf ";"fre";"BUCA_Bastaire_Fama_453_C90847";"http://192.168.129.239/files/fichiers_bcu/BUCA_Bastaire_Fama_453_C90847.pdf";"Bibliothèque Université Clermont Auvergne";"Pas d’utilisation commerciale"
"Lidone";"La haine aux yeux tendres : roman";"Société d'éditions publications et industries annexes";"impr. 1939";"Collection Fama ; 621";"text";"application/pdf ";"fre";"BUCA_Bastaire_Fama_621_C90900";"http://192.168.129.239/files/fichiers_bcu/BUCA_Bastaire_Fama_621_C90900.pdf";"Bibliothèque Université Clermont Auvergne";"Pas d’utilisation commerciale"
"Lidone";"La poursuite blanche : roman";"Société d'éditions publications et industries annexes";"impr. 1938";"Collection Fama ; 589";"text";"application/pdf ";"fre";"BUCA_Bastaire_Fama_589_C90890";"http://192.168.129.239/files/fichiers_bcu/BUCA_Bastaire_Fama_589_C90890.pdf";"Bibliothèque Université Clermont Auvergne";"Pas d’utilisation commerciale"
"Lorn , Anny (1882-1977)";"Le prince charmant : roman";"Société d'éditions publications et industries annexes";"impr. 1938";"Collection Fama ; 608";"text";"application/pdf ";"fre";"BUCA_Bastaire_Fama_608_C90894";"http://192.168.129.239/files/fichiers_bcu/BUCA_Bastaire_Fama_608_C90894.pdf";"Bibliothèque Université Clermont Auvergne";"Pas d’utilisation commerciale"
"Lorn , Anny (1882-1977)";"Le quatorzième convive : roman";"Société d'éditions publications et industries annexes";"impr.1937";"Collection Fama ; 535";"text";"application/pdf ";"fre";"BUCA_Bastaire_Fama_535_C90885";"http://192.168.129.239/files/fichiers_bcu/BUCA_Bastaire_Fama_535_C90885.pdf";"Bibliothèque Université Clermont Auvergne";"Pas d’utilisation commerciale"
"Louys , René";"Fille d'aviatrice : roman";"Société d'éditions, publications et industries annexes";"impr. 1937";"Collection Fama ; 552";"text";"application/pdf ";"fre";"BUCA_Bastaire_Fama_552_C90866";"http://192.168.129.239/files/fichiers_bcu/BUCA_Bastaire_Fama_552_C90866.pdf";"Bibliothèque Université Clermont Auvergne";"Pas d’utilisation commerciale"
"Montignac , Georges";"Le coeur de Jacqueline : roman";"Société d'éditions publications et industries annexes";"impr. 1938";"Collection Fama ; 605";"text";"application/pdf ";"fre";"BUCA_Bastaire_Fama_605_C90893";"http://192.168.129.239/files/fichiers_bcu/BUCA_Bastaire_Fama_605_C90893.pdf";"Bibliothèque Université Clermont Auvergne";"Pas d’utilisation commerciale"
"Morin-Sarrus , Jacques";"C'est vous que j'attendais!... : roman";"Société d'éditions publications et industries annexes";"impr. 1938";"Collection Fama ; 593";"text";"application/pdf ";"fre";"BUCA_Bastaire_Fama_593_C90883";"http://192.168.129.239/files/fichiers_bcu/BUCA_Bastaire_Fama_593_C90883.pdf";"Bibliothèque Université Clermont Auvergne";"Pas d’utilisation commerciale"
"Morin-Sarrus , Jacques";"Dans la tour ténébreuse : roman";"Société d'éditions publications et industries annexes";"impr. 1938";"Collection Fama ; 607";"text";"application/pdf ";"fre";"BUCA_Bastaire_Fama_607_C90888";"http://192.168.129.239/files/fichiers_bcu/BUCA_Bastaire_Fama_607_C90888.pdf";"Bibliothèque Université Clermont Auvergne";"Pas d’utilisation commerciale"
"Morin-Sarrus , Jacques";"La vie est une valse... : roman";"Société d'éditions publications et industries annexes";"impr. 1938";"Collection Fama ; 579";"text";"application/pdf ";"fre";"BUCA_Bastaire_Fama_579_C90878";"http://192.168.129.239/files/fichiers_bcu/BUCA_Bastaire_Fama_579_C90878.pdf";"Bibliothèque Université Clermont Auvergne";"Pas d’utilisation commerciale"
"Mouthiez , Claude (18..-19..)";"Rêve trompeur : roman";"Société d'éditions publications et industries annexes";"impr.1937";"Collection Fama ; 534";"text";"application/pdf ";"fre";"BUCA_Bastaire_Fama_534_C90859";"http://192.168.129.239/files/fichiers_bcu/BUCA_Bastaire_Fama_534_C90859.pdf";"Bibliothèque Université Clermont Auvergne";"Pas d’utilisation commerciale"
"Novel , Guy de";"Le charmeur invisible : roman";"Société d'éditions publications et industries annexes";"impr. 1935";"Collection Fama ; 425";"text";"application/pdf ";"fre";"BUCA_Bastaire_Fama_425_C90843";"http://192.168.129.239/files/fichiers_bcu/BUCA_Bastaire_Fama_425_C90843.pdf";"Bibliothèque Université Clermont Auvergne";"Pas d’utilisation commerciale"
"Priollet , Marcel (1884-1960)";"Quatre coeurs sur les routes de l'amour . [IV] . Les barreaux d'or de ma cage : roman inédit";"Société d'éditions publications et industries annexes";"impr. 1934";"Collection Fama ; 407";"text";"application/pdf ";"fre";"BUCA_Bastaire_Fama_407_C90856";"http://192.168.129.239/files/fichiers_bcu/BUCA_Bastaire_Fama_407_C90856.pdf";"Bibliothèque Université Clermont Auvergne";"Pas d’utilisation commerciale"
"Quinel , Charles (1868-1942)";"Petite maman jolie : roman";"Société d'éditions, publications et industries annexes";"impr. 1939";"Collection Fama ; 628";"text";"application/pdf ";"fre";"BUCA_Bastaire_Fama_628_C90904";"http://192.168.129.239/files/fichiers_bcu/BUCA_Bastaire_Fama_628_C90904.pdf";"Bibliothèque Université Clermont Auvergne";"Pas d’utilisation commerciale"
"Saint-Clair , Simone (1896-1975)";"Huguette et ses vingt ans : roman";"Société d'éditions, publications et industries annexes";"impr. 1939";"Collection Fama ; 631";"text";"application/pdf ";"fre";"BUCA_Bastaire_Fama_631_C90908";"http://192.168.129.239/files/fichiers_bcu/BUCA_Bastaire_Fama_631_C90908.pdf";"Bibliothèque Université Clermont Auvergne";"Pas d’utilisation commerciale"
"Sempré , Jacques (18..-19..)";"L'image d'amour : roman";"Société d'éditions publications et industries annexes";"impr. 1935";"Collection Fama ; 434";"text";"application/pdf ";"fre";"BUCA_Bastaire_Fama_434_C90845";"http://192.168.129.239/files/fichiers_bcu/BUCA_Bastaire_Fama_434_C90845.pdf";"Bibliothèque Université Clermont Auvergne";"Pas d’utilisation commerciale"
"Thibaudet , Marguerite";"Madame ma tutrice : roman";"Société d'éditions publications et industries annexes";"impr. 1935";"Collection Fama ; 455";"text";"application/pdf ";"fre";"BUCA_Bastaire_Fama_455_C90848";"http://192.168.129.239/files/fichiers_bcu/BUCA_Bastaire_Fama_455_C90848.pdf";"Bibliothèque Université Clermont Auvergne";"Pas d’utilisation commerciale"
"Virmonne , Claude (1900-19..)";"Comme un conte bleu... : roman";"Société d'éditions publications et industries annexes";"impr.1937";"Collection Fama ; 536";"text";"application/pdf ";"fre";"BUCA_Bastaire_Fama_536_C90860";"http://192.168.129.239/files/fichiers_bcu/BUCA_Bastaire_Fama_536_C90860.pdf";"Bibliothèque Université Clermont Auvergne";"Pas d’utilisation commerciale"
"Yvelise , Jean d'";"Au soleil du pardon : roman";"Société d'éditions, publications et industries annexes";"impr. 1938";"Collection Fama ; 567";"text";"application/pdf ";"fre";"BUCA_Bastaire_Fama_567_C90873";"http://192.168.129.239/files/fichiers_bcu/BUCA_Bastaire_Fama_567_C90873.pdf";"Bibliothèque Université Clermont Auvergne";"Pas d’utilisation commerciale"
"Bernède , Arthur (1871-1937)";"La ville aux illusions : roman";"Société d'éditions publications et industries annexes";"impr. 1936";"Collection Fama ; 478";"text";"application/pdf ";"fre";"BUCA_Bastaire_Fama_478_C90850";"http://192.168.129.239/files/fichiers_bcu/BUCA_Bastaire_Fama_478_C90850.pdf";"Bibliothèque Université Clermont Auvergne";"Pas d’utilisation commerciale"
