"IDENTIFIANT";"TITRE";"EDITEUR";"DATE ";"DESCRIPTION";"CREATEUR";"LANGUE";"TYPE";"FORMAT 1";"Droits";"SOURCE";"URL"
"BCU_Bastaire_Stella_116_C92608_1110117";"L'ennemie";"Editions du ""Petit Echo de la Mode""";1925;"Collection Stella ; 116";"Fid Jean";"fre";"text";"application/pdf";"Pas d’utilisation commerciale";"Bibliothèque Université Clermont Auvergne";"http://192.168.120.240/ged/files/fichiers_bcu/BCU_Bastaire_Stella_116_C92608_1110117.pdf"
"BCU_Bastaire_Stella_117_C92609_1110118";"Le finale de la symphonie";"Editions du ""Petit Echo de la Mode""";1925;"Collection Stella ; 117";"Tinseau Léon de";"fre";"text";"application/pdf";"Domaine public";"Bibliothèque Université Clermont Auvergne";"http://192.168.120.240/ged/files/fichiers_bcu/BCU_Bastaire_Stella_117_C92609_1110118.pdf"
"BCU_Bastaire_Stella_118_C92610_1110121";"Le hibou des ruines";"Editions du ""Petit Echo de la Mode""";1925;"Collection Stella ; 118";"Vertiol Andrée";"fre";"text";"application/pdf";"Pas d’utilisation commerciale";"Bibliothèque Université Clermont Auvergne";"http://192.168.120.240/ged/files/fichiers_bcu/BCU_Bastaire_Stella_118_C92610_1110121.pdf"
"BCU_Bastaire_Stella_120_C92611_1110349";"Mort ou vivant ?...";"Editions du ""Petit Echo de la Mode""";1925;"Collection Stella ; 120 ";"Bouvet Marie-Louise";"fre";"text";"application/pdf";"Pas d’utilisation commerciale";"Bibliothèque Université Clermont Auvergne";"http://192.168.120.240/ged/files/fichiers_bcu/BCU_Bastaire_Stella_120_C92611_1110349.pdf"
"BCU_Bastaire_Stella_121_C92612_1110351";"Femme de lettres";"Editions du ""Petit Echo de la Mode""";1925;"Collection Stella ; 121 ";"Floran Mary";"fre";"text";"application/pdf";"Domaine public";"Bibliothèque Université Clermont Auvergne";"http://192.168.120.240/ged/files/fichiers_bcu/BCU_Bastaire_Stella_121_ C92612_1110351.pdf"
"BCU_Bastaire_Stella_122_C92613_1110365";"Le droit d'aimer";"Editions du ""Petit Echo de la Mode""";1925;"Collection Stella ; 122";"Trilby T.";"fre";"text";"application/pdf";"Pas d’utilisation commerciale";"Bibliothèque Université Clermont Auvergne";"http://192.168.120.240/ged/files/fichiers_bcu/BCU_Bastaire_Stella_122_C92613_1110365.pdf"
"BCU_Bastaire_Stella_126_C92614_1110372";"La victoire d'Arlette";"Editions du ""Petit Echo de la Mode""";1925;"Collection Stella ; 126 ";"Heuzey Juliette";"fre";"text";"application/pdf";"Pas d’utilisation commerciale";"Bibliothèque Université Clermont Auvergne";"http://192.168.120.240/ged/files/fichiers_bcu/BCU_Bastaire_Stella_126_C92614_1110372.pdf"
"BCU_Bastaire_Stella_129_C92615_1110375";"Le cadet";"Editions du ""Petit Echo de la Mode""";1925;"Collection Stella ; 129";"Humilly de Chevilly Marie d'";"fre";"text";"application/pdf";"Pas d’utilisation commerciale";"Bibliothèque Université Clermont Auvergne";"http://192.168.120.240/ged/files/fichiers_bcu/BCU_Bastaire_Stélla_129_C92615_1110375.pdf"
"BCU_Bastaire_Stella_130_C92616_1110380";"Irène";"Editions du ""Petit Echo de la Mode""";1925;"Collection Stella ; 130";"Bergy Emile";"fre";"text";"application/pdf";"Pas d’utilisation commerciale";"Bibliothèque Université Clermont Auvergne";"http://192.168.120.240/ged/files/fichiers_bcu/BCU_Bastaire_Stella_130_C92616_1110380.pdf"
"BCU_Bastaire_Stella_132_C92617_1110385";"La mission de Marie-Ange";"Editions du ""Petit Echo de la Mode""";1925;"Collection Stella ; 132 ";"Dubarry André";"fre";"text";"application/pdf";"Pas d’utilisation commerciale";"Bibliothèque Université Clermont Auvergne";"http://192.168.120.240/ged/files/fichiers_bcu/BCU_Bastaire_Stella_132_C92617_1110385.pdf"
"BCU_Bastaire_Stella_133_C92619_1110425";"L'ombre du passé";"Editions du ""Petit Echo de la Mode""";1925;"Collection Stella ; 133 ";"Bouvet Marie-Louise";"fre";"text";"application/pdf";"Pas d’utilisation commerciale";"Bibliothèque Université Clermont Auvergne";"http://192.168.120.240/ged/files/fichiers_bcu/BCU_Bastaire_Stella_133_C92619_1110425.pdf"
"BCU_Bastaire_Stella_134_C92621_1110430";"Le mariage de Rose Duprey";"Editions du ""Petit Echo de la Mode""";1925;"Collection Stella ; 134 ";"Arvor Gabrielle d'";"fre";"text";"application/pdf";"Pas d’utilisation commerciale";"Bibliothèque Université Clermont Auvergne";"http://192.168.120.240/ged/files/fichiers_bcu/BCU_Bastaire_Stella_134_C92621_1110430.pdf"
"BCU_Bastaire_Stella_136_C92622_1110431";"Petite Belle";"Editions du ""Petit Echo de la Mode""";1925;"Collection Stella ; 136 ";"Fleuriot Zénaïde";"fre";"text";"application/pdf";"Domaine public";"Bibliothèque Université Clermont Auvergne";"http://192.168.120.240/ged/files/fichiers_bcu/BCU_Bastaire_Stella_136_C92622_1110431.pdf"
"BCU_Bastaire_Stella_137_C92623_1110438";"Le coeur chemine";"Editions du ""Petit Echo de la Mode""";1925;"Collection Stella ; 137 ";"Loubens de Verdalle Clotilde de";"fre";"text";"application/pdf";"Domaine public";"Bibliothèque Université Clermont Auvergne";"http://192.168.120.240/ged/files/fichiers_bcu/BCU_Bastaire_Stella_137_C92623_1110438.pdf"
"BCU_Bastaire_Stella_138_C92624_1110442";"A grande vitesse";"Editions du ""Petit Echo de la Mode""";1925;"Collection Stella ; 138 ";"Bouvet Marie-Louise";"fre";"text";"application/pdf";"Pas d’utilisation commerciale";"Bibliothèque Université Clermont Auvergne";"http://192.168.120.240/ged/files/fichiers_bcu/BCU_Bastaire_Stella_138_C92624_1110442.pdf"
"BCU_Bastaire_Stella_139_C92625_1110449";"Le secret de la forêt";"Editions du ""Petit Echo de la Mode""";1925;"Collection Stella ; 139 ";"Kerlecq Jean de";"fre";"text";"application/pdf";"Pas d’utilisation commerciale";"Bibliothèque Université Clermont Auvergne";"http://192.168.120.240/ged/files/fichiers_bcu/BCU_Bastaire_Stella_139_C92625_1110449.pdf"
"BCU_Bastaire_Stella_141_C92626_1110457";"Le logis";"Editions du ""Petit Echo de la Mode""";1926;"Collection Stella ; 141 ";"Lys Georges de";"fre";"text";"application/pdf";"Domaine public";"Bibliothèque Université Clermont Auvergne";"http://192.168.120.240/ged/files/fichiers_bcu/BCU_Bastaire_Stella_141_C92626_1110457.pdf"
"BCU_Bastaire_Stella_142_C92627_1110462";"Bonheur méconnu";"Editions du ""Petit Echo de la Mode""";1926;"Collection Stella ; 142";"Floran Mary";"fre";"text";"application/pdf";"Domaine public";"Bibliothèque Université Clermont Auvergne";"http://192.168.120.240/ged/files/fichiers_bcu/BCU_Bastaire_Stella_142_C92627_1110462.pdf"
"BCU_Bastaire_Stella_143_C92628_1110470";"Un héritage";"Editions du ""Petit Echo de la Mode""";1926;"Collection Stella ; 143 ";"Monthéas Jean de";"fre";"text";"application/pdf";"Pas d’utilisation commerciale";"Bibliothèque Université Clermont Auvergne";"http://192.168.120.240/ged/files/fichiers_bcu/BCU_Bastaire_Stella_143_C92628_1110470.pdf"
"BCU_Bastaire_Stella_144_C92630_1110473";"La roue du moulin";"Editions du ""Petit Echo de la Mode""";1926;"Collection Stella ; 144 ";"Trilby T.";"fre";"text";"application/pdf";"Pas d’utilisation commerciale";"Bibliothèque Université Clermont Auvergne";"http://192.168.120.240/ged/files/fichiers_bcu/BCU_Bastaire_Stella_144_C92630_1110473.pdf"
"BCU_Bastaire_Stella_145_C92632_1110476";"Pour sauver Denise !";"Editions du ""Petit Echo de la Mode""";1926;"Collection Stella ; 145 ";"Dreyer Antony";"fre";"text";"application/pdf";"Pas d’utilisation commerciale";"Bibliothèque Université Clermont Auvergne";"http://192.168.120.240/ged/files/fichiers_bcu/BCU_Bastaire_Stella_145_C92632_1110476.pdf"
"BCU_Bastaire_Stella_149_C92633_1110478";"Coeur d'or";"Editions du ""Petit Echo de la Mode""";1926;"Collection Stella ; 149 ";"Wailly Marie de";"fre";"text";"application/pdf";"Pas d’utilisation commerciale";"Bibliothèque Université Clermont Auvergne";"http://192.168.120.240/ged/files/fichiers_bcu/BCU_Bastaire_Stella_149_C92633_1110478.pdf"
"BCU_Bastaire_Stella_152_C92634_1110479";"Le coeur de Ludivine";"Editions du ""Petit Echo de la Mode""";1926;"Collection Stella ; 152 ";"Fid Jean";"fre";"text";"application/pdf";"Pas d’utilisation commerciale";"Bibliothèque Université Clermont Auvergne";"http://192.168.120.240/ged/files/fichiers_bcu/BCU_Bastaire_Stella_152_C92634_1110479.pdf"
"BCU_Bastaire_Stella_158_C92635_1110482";"L'idée de Suzie";"Editions du ""Petit Echo de la Mode""";1926;"Collection Stella ; 158 ";"Bouvet Marie-Louise";"fre";"text";"application/pdf";"Pas d’utilisation commerciale";"Bibliothèque Université Clermont Auvergne";"http://192.168.120.240/ged/files/fichiers_bcu/BCU_Bastaire_Stella_158_C92635_1110482.pdf"
"BCU_Bastaire_Stella_159_C92636_1110484";"Fidèle à son rêve";"Editions du ""Petit Echo de la Mode""";1926;"Collection Stella ; 159 ";"Floran Mary";"fre";"text";"application/pdf";"Domaine public";"Bibliothèque Université Clermont Auvergne";"http://192.168.120.240/ged/files/fichiers_bcu/BCU_Bastaire_Stella_159_C92636_1110484.pdf"
"BCU_Bastaire_Stella_161_C92637_1110487";"Le prince d'ombre";"Editions du ""Petit Echo de la Mode""";1926;"Collection Stella ; 161 ";"Bruyère André";"fre";"text";"application/pdf";"Pas d’utilisation commerciale";"Bibliothèque Université Clermont Auvergne";"http://192.168.120.240/ged/files/fichiers_bcu/BCU_Bastaire_Stella_161_C92637_1110487.pdf"
"BCU_Bastaire_Stella_163_C92638_1110490";"Le retour";"Editions du ""Petit Echo de la Mode""";1926;"Collection Stella ; 163 ";"Trilby T.";"fre";"text";"application/pdf";"Pas d’utilisation commerciale";"Bibliothèque Université Clermont Auvergne";"http://192.168.120.240/ged/files/fichiers_bcu/BCU_Bastaire_Stella_163_C92638_1110490.pdf"
"BCU_Bastaire_Stella_169_C92639_1110496";"Colomba";"Editions du ""Petit Echo de la Mode""";1927;"Collection Stella ; 169";"Mérimée Prosper";"fre";"text";"application/pdf";"Domaine public";"Bibliothèque Université Clermont Auvergne";"http://192.168.120.240/ged/files/fichiers_bcu/BCU_Bastaire_Stella_169_C92639_1110496.pdf"
"BCU_Bastaire_Stella_170_C92640_1110502";"La maison sur le roc";"Editions du ""Petit Echo de la Mode""";1927;"Collection Stella ; 170";"Coulomb Jeanne de";"fre";"text";"application/pdf";"Domaine public";"Bibliothèque Université Clermont Auvergne";"http://192.168.120.240/ged/files/fichiers_bcu/BCU_Bastaire_Stella_170_C92640_1110502.pdf"
"BCU_Bastaire_Stella_173_C92641_1110504";"Orgueil vaincu";"Editions du ""Petit Echo de la Mode""";1927;"Collection Stella ; 173 ";"Floran Mary";"fre";"text";"application/pdf";"Domaine public";"Bibliothèque Université Clermont Auvergne";"http://192.168.120.240/ged/files/fichiers_bcu/BCU_Bastaire_Stella_173_C92641_1110504.pdf"
"BCU_Bastaire_Stella_174_C92643_1110508";"Les deux cahiers";"Editions du ""Petit Echo de la Mode""";1927;"Collection Stella ; 174";"Acker Paul";"fre";"text";"application/pdf";"Domaine public";"Bibliothèque Université Clermont Auvergne";"http://192.168.120.240/ged/files/fichiers_bcu/BCU_Bastaire_Stella_174_C92643_1110508.pdf"
"BCU_Bastaire_Stella_179_C92645_1110510";"Le château des tempêtes";"Editions du ""Petit Echo de la Mode""";1927;"Collection Stella ; 179 ";"Bruyère André";"fre";"text";"application/pdf";"Pas d’utilisation commerciale";"Bibliothèque Université Clermont Auvergne";"http://192.168.120.240/ged/files/fichiers_bcu/BCU_Bastaire_Stella_179_C92645_1110510.pdf"
"BCU_Bastaire_Stella_181_C92646_1110513";"L'amour en deuil";"Editions du ""Petit Echo de la Mode""";1927;"Collection Stella ; 181 ";"Soy Emmanuel";"fre";"text";"application/pdf";"Pas d’utilisation commerciale";"Bibliothèque Université Clermont Auvergne";"http://192.168.120.240/ged/files/fichiers_bcu/BCU_Bastaire_Stella_181_C92646_1110513.pdf"
"BCU_Bastaire_Stella_183_C92648_1110520";"Une heure sonnera...";"Editions du ""Petit Echo de la Mode""";1927;"Collection Stella ; 183 ";"Bouvet Marie-Louise";"fre";"text";"application/pdf";"Pas d’utilisation commerciale";"Bibliothèque Université Clermont Auvergne";"http://192.168.120.240/ged/files/fichiers_bcu/BCU_Bastaire_Stella_183_C92648_1110520.pdf"
"BCU_Bastaire_Stella_186_C92649_1110558";"Petite maison, grand bonheur";"Editions du ""Petit Echo de la Mode""";1927;"Collection Stella ; 186 ";"Junka Paul";"fre";"text";"application/pdf";"Pas d’utilisation commerciale";"Bibliothèque Université Clermont Auvergne";"http://192.168.120.240/ged/files/fichiers_bcu/BCU_Bastaire_Stella_186_C92649_1110558.pdf"
"BCU_Bastaire_Stella_188_C92650_1110570";"Marguerite";"Editions du ""Petit Echo de la Mode""";1928;"Collection Stella ; 188 ";"Aigueperse Mathilde";"fre";"text";"application/pdf";"Domaine public";"Bibliothèque Université Clermont Auvergne";"http://192.168.120.240/ged/files/fichiers_bcu/BCU_Bastaire_Stella_188_C92650_1110570.pdf"
"BCU_Bastaire_Stella_190_C92651_1110575";"L'amour quand même";"Editions du ""Petit Echo de la Mode""";1928;"Collection Stella ; 190 ";"Loubens de Verdalle Clotilde de";"fre";"text";"application/pdf";"Domaine public";"Bibliothèque Université Clermont Auvergne";"http://192.168.120.240/ged/files/fichiers_bcu/BCU_Bastaire_Stella_190_C92651_1110575.pdf"
"BCU_Bastaire_Stella_191_C92652_1110585";"Souffrir pour vaincre";"Editions du ""Petit Echo de la Mode""";1928;"Collection Stella ; 191 ";"Carey Rosa Nouchette";"fre";"text";"application/pdf";"Domaine public";"Bibliothèque Université Clermont Auvergne";"http://192.168.120.240/ged/files/fichiers_bcu/BCU_Bastaire_Stella_191_C92652_1110585.pdf"
"BCU_Bastaire_Stella_193_C92653_1110588";"Les liens brisés";"Editions du ""Petit Echo de la Mode""";1928;"Collection Stella ; 193 ";"Mauclère Jean";"fre";"text";"application/pdf";"Pas d’utilisation commerciale";"Bibliothèque Université Clermont Auvergne";"http://192.168.120.240/ged/files/fichiers_bcu/BCU_Bastaire_Stella_193_C92653_1110588.pdf"
"BCU_Bastaire_Stella_194_C92655_1110596";"Jocelyne";"Editions du ""Petit Echo de la Mode""";1928;"Collection Stella ; 194 ";"Mercey Suzanne";"fre";"text";"application/pdf";"Pas d’utilisation commerciale";"Bibliothèque Université Clermont Auvergne";"http://192.168.120.240/ged/files/fichiers_bcu/BCU_Bastaire_Stella_194_C92655_1110596.pdf"
"BCU_Bastaire_Stella_195_C92657_1110600";"L'amour en péril";"Editions du ""Petit Echo de la Mode""";1928;"Collection Stella ; 195 ";"Procope Le Roux Marie-Antoinette";"fre";"text";"application/pdf";"Pas d’utilisation commerciale";"Bibliothèque Université Clermont Auvergne";"http://192.168.120.240/ged/files/fichiers_bcu/BCU_Bastaire_Stella_195_C92657_1110600.pdf"
"BCU_Bastaire_Stella_198_C92658_1110611";"Anne Hereford";"Editions du ""Petit Echo de la Mode""";1928;"Collection Stella ; 198";"Wood Mrs Henry";"fre";"text";"application/pdf";"Domaine public";"Bibliothèque Université Clermont Auvergne";"http://192.168.120.240/ged/files/fichiers_bcu/BCU_Bastaire_Stella_198_C92658_1110611.pdf"
"BCU_Bastaire_Stella_200_C92659_1110815";"Un an d'épreuve";"Editions du ""Petit Echo de la Mode""";1928;"Collection Stella ; 200 ";"Floran Mary";"fre";"text";"application/pdf";"Domaine public";"Bibliothèque Université Clermont Auvergne";"http://192.168.120.240/ged/files/fichiers_bcu/BCU_Bastaire_Stella_200_C92659_1110815.pdf"
"BCU_Bastaire_Stella_201_C92660_1110816";"L'aventure au bord de l'eau";"Editions du ""Petit Echo de la Mode""";1928;"Collection Stella ; 201 ";"Lusy Aude";"fre";"text";"application/pdf";"Pas d’utilisation commerciale";"Bibliothèque Université Clermont Auvergne";"http://192.168.120.240/ged/files/fichiers_bcu/BCU_Bastaire_Stella_201_C92660_1110816.pdf"
"BCU_Bastaire_Stella_204_C92661_1110818";"L'oiseau blanc";"Editions du ""Petit Echo de la Mode""";1928;"Collection Stella ; 204";"Wailly Marie de";"fre";"text";"application/pdf";"Pas d’utilisation commerciale";"Bibliothèque Université Clermont Auvergne";"http://192.168.120.240/ged/files/fichiers_bcu/BCU_Bastaire_Stella_204_C92661_1110818.pdf"
"BCU_Bastaire_Stella_205_C92662_1110824";"Le jour de son mariage";"Editions du ""Petit Echo de la Mode""";1928;"Collection Stella ; 205 ";"Williamson Alice Muriel";"fre";"text";"application/pdf";"Domaine public";"Bibliothèque Université Clermont Auvergne";"http://192.168.120.240/ged/files/fichiers_bcu/BCU_Bastaire_Stella_205_C92662_1110824.pdf"
"BCU_Bastaire_Stella_206_C92663_1110835";"Quand l'amour vient";"Editions du ""Petit Echo de la Mode""";1928;"Collection Stella ; 206 ";"Dourliac H.-A.";"fre";"text";"application/pdf";"Domaine public";"Bibliothèque Université Clermont Auvergne";"http://192.168.120.240/ged/files/fichiers_bcu/BCU_Bastaire_Stella_206_C92663_1110835.pdf"
"BCU_Bastaire_Stella_207_C92664_1110837";"Chloé";"Editions du ""Petit Echo de la Mode""";1928;"Collection Stella ; 207 ";"Hungerford Margaret Wolfe";"fre";"text";"application/pdf";"Domaine public";"Bibliothèque Université Clermont Auvergne";"http://192.168.120.240/ged/files/fichiers_bcu/BCU_Bastaire_Stella_207_C92664_1110837.pdf"
"BCU_Bastaire_Stella_208_C92665_1110840";"Les inépousées";"Editions du ""Petit Echo de la Mode""";1928;"Collection Stella ; 208 ";"Duhamelet Geneviève";"fre";"text";"application/pdf";"Pas d’utilisation commerciale";"Bibliothèque Université Clermont Auvergne";"http://192.168.120.240/ged/files/fichiers_bcu/BCU_Bastaire_Stella_208_C92665_1110840.pdf"
"BCU_Bastaire_Stella_210_C92666_1110843";"En lutte";"Editions du ""Petit Echo de la Mode""";1928;"Collection Stella ; 210 ";"Bouvet Marie-Louise";"fre";"text";"application/pdf";"Pas d’utilisation commerciale";"Bibliothèque Université Clermont Auvergne";"http://192.168.120.240/ged/files/fichiers_bcu/BCU_Bastaire_Stella_210_C92666_1110843.pdf"
"BCU_Bastaire_Stella_215_C92667_1110845";"L'audacieuse décision";"Editions du ""Petit Echo de la Mode""";1929;"Collection Stella ; 215 ";"Fiel Marthe";"fre";"text";"application/pdf";"Pas d’utilisation commerciale";"Bibliothèque Université Clermont Auvergne";"http://192.168.120.240/ged/files/fichiers_bcu/BCU_Bastaire_Stella_215_C92667_1110845.pdf"
"BCU_Bastaire_Stella_217_C92668_1110848";"Comme jadis...";"Editions du ""Petit Echo de la Mode""";1929;"Collection Stella ; 217 ";"Michelet Magali";"fre";"text";"application/pdf";"Pas d’utilisation commerciale";"Bibliothèque Université Clermont Auvergne";"http://192.168.120.240/ged/files/fichiers_bcu/BCU_Bastaire_Stella_217_C92668_1110848.pdf"
"BCU_Bastaire_Stella_218_C92669_1110851";"La fille du contrebandier";"Editions du ""Petit Echo de la Mode""";1929;"Collection Stella ; 218 ";"Vidouze Jean de";"fre";"text";"application/pdf";"Pas d’utilisation commerciale";"Bibliothèque Université Clermont Auvergne";"http://192.168.120.240/ged/files/fichiers_bcu/BCU_Bastaire_Stella_218_C92669_1110851.pdf"
"BCU_Bastaire_Stella_219_C92670_1110852";"Ceux qui vivent";"Editions du ""Petit Echo de la Mode""";1929;"Collection Stella ; 219 ";"Renaudy Claude";"fre";"text";"application/pdf";"Domaine public";"Bibliothèque Université Clermont Auvergne";"http://192.168.120.240/ged/files/fichiers_bcu/BCU_Bastaire_Stella_219_C92671_1110852.pdf"
"BCU_Bastaire_Stella_221_C92672_1110855";"Le coeur de tante Miche";"Editions du ""Petit Echo de la Mode""";1929;"Collection Stella ; 221 ";"Magali";"fre";"text";"application/pdf";"Pas d’utilisation commerciale";"Bibliothèque Université Clermont Auvergne";"http://192.168.120.240/ged/files/fichiers_bcu/BCU_Bastaire_Stella_221_C92672_1110855.pdf"
"BCU_Bastaire_Stella_223_C92673_1110858";"Le jardin bleu";"Editions du ""Petit Echo de la Mode""";1929;"Collection Stella ; 223 ";"Bruyère André";"fre";"text";"application/pdf";"Pas d’utilisation commerciale";"Bibliothèque Université Clermont Auvergne";"http://192.168.120.240/ged/files/fichiers_bcu/BCU_Bastaire_Stella_223_C92673_1110858.pdf"
"BCU_Bastaire_Stella_225_C92675_1110860";"La cruelle victoire";"Editions du ""Petit Echo de la Mode""";1929;"Collection Stella ; 225 ";"Vallet Maurice";"fre";"text";"application/pdf";"Pas d’utilisation commerciale";"Bibliothèque Université Clermont Auvergne";"http://192.168.120.240/ged/files/fichiers_bcu/BCU_Bastaire_Stella_225_C92675_1110860.pdf"
"BCU_Bastaire_Stella_226_C92676_1110861";"Mlle d'Hervic, mécano";"Editions du ""Petit Echo de la Mode""";1929;"Collection Stella ; 226";"Doré Manuel";"fre";"text";"application/pdf";"Pas d’utilisation commerciale";"Bibliothèque Université Clermont Auvergne";"http://192.168.120.240/ged/files/fichiers_bcu/BCU_Bastaire_Stella_226_C92676_1110861.pdf"
"BCU_Bastaire_Stella_227_C92677_1110863";"Prix de beauté";"Editions du ""Petit Echo de la Mode""";1929;"Collection Stella ; 227 ";"Williamson Alice Muriel";"fre";"text";"application/pdf";"Domaine public";"Bibliothèque Université Clermont Auvergne";"http://192.168.120.240/ged/files/fichiers_bcu/BCU_Bastaire_Stella_227_C92677_1110863.pdf"
"BCU_Bastaire_Stella_229_C92678_1110866";"La demoiselle de compagnie";"Editions du ""Petit Echo de la Mode""";1929;"Collection Stella ; 229";"Cervières Paul";"fre";"text";"application/pdf";"Pas d’utilisation commerciale";"Bibliothèque Université Clermont Auvergne";"http://192.168.120.240/ged/files/fichiers_bcu/BCU_Bastaire_Stella_229_C92678_1110866.pdf"
"BCU_Bastaire_Stella_231_C92680_1110871";"L'anneau d'opales";"Editions du ""Petit Echo de la Mode""";1929;"Collection Stella ; 231";"Dourliac H.-A.";"fre";"text";"application/pdf";"Domaine public";"Bibliothèque Université Clermont Auvergne";"http://192.168.120.240/ged/files/fichiers_bcu/BCU_Bastaire_Stella_231_C92680_1110871,pdf"
"BCU_Bastaire_Stella_235_C92681_1110875";"J'aimerais aimer...";"Editions du ""Petit Echo de la Mode""";1929;"Collection Stella ; 235 ";"Dourliac H.-A.";"fre";"text";"application/pdf";"Domaine public";"Bibliothèque Université Clermont Auvergne";"http://192.168.120.240/ged/files/fichiers_bcu/BCU_Bastaire_Stella_235_C92681_1110875.pdf"
"BCU_Bastaire_Stella_236_C92682_1110885";"L'infant à l'escarboucle";"Editions du ""Petit Echo de la Mode""";1930;"Collection Stella ; 236 ";"Cys Éric de";"fre";"text";"application/pdf";"Pas d’utilisation commerciale";"Bibliothèque Université Clermont Auvergne";"http://192.168.120.240/ged/files/fichiers_bcu/BCU_Bastaire_Stella_236_C92682_1110885.pdf"
"BCU_Bastaire_Stella_238_C92683_1110886";"Quand la cloche sonna...";"Editions du ""Petit Echo de la Mode""";1930;"Collection Stella ; 238 ";"Hella Mary";"fre";"text";"application/pdf";"Pas d’utilisation commerciale";"Bibliothèque Université Clermont Auvergne";"http://192.168.120.240/ged/files/fichiers_bcu/BCU_Bastaire_Stella_238_C92683_1110886.pdf"
"BCU_Bastaire_Stella_241_C92684_1110890";"L'ombre de la gloire";"Editions du ""Petit Echo de la Mode""";1930;"Collection Stella ; 241 ";"Renaudy Claude";"fre";"text";"application/pdf";"Domaine public";"Bibliothèque Université Clermont Auvergne";"http://192.168.120.240/ged/files/fichiers_bcu/BCU_Bastaire_Stella_241_C92684_1110890.pdf"
"BCU_Bastaire_Stella_242_C92685_1110893";"Le fiancé disparu";"Editions du ""Petit Echo de la Mode""";1930;"Collection Stella ; 242 ";"Gourdon Pierre";"fre";"text";"application/pdf";"Pas d’utilisation commerciale";"Bibliothèque Université Clermont Auvergne";"http://192.168.120.240/ged/files/fichiers_bcu/BCU_Bastaire_Stella_242_C92685_1110893.pdf"
"BCU_Bastaire_Stella_243_C92686_1110897";"Mon lieutenant";"Editions du ""Petit Echo de la Mode""";1930;"Collection Stella ; 243 ";"Lecomte Geneviève";"fre";"text";"application/pdf";"Pas d’utilisation commerciale";"Bibliothèque Université Clermont Auvergne";"http://192.168.120.240/ged/files/fichiers_bcu/BCU_Bastaire_Stella_243_C92686_1110897.pdf"
"BCU_Bastaire_Stella_244_C92687_1110901";"Un chevalier d'aujourd'hui";"Editions du ""Petit Echo de la Mode""";1930;"Collection Stella ; 244 ";"Carey Rosa Nouchette";"fre";"text";"application/pdf";"Domaine public";"Bibliothèque Université Clermont Auvergne";"http://192.168.120.240/ged/files/fichiers_bcu/BCU_Bastaire_Stella_244_C92687_1110901.pdf"
"BCU_Bastaire_Stella_246_C92688_1110904";"Lucile et le mariage";"Editions du ""Petit Echo de la Mode""";1930;"Collection Stella ; 246";"Alciette Pierre";"fre";"text";"application/pdf";"Pas d’utilisation commerciale";"Bibliothèque Université Clermont Auvergne";"http://192.168.120.240/ged/files/fichiers_bcu/BCU_Bastaire_Stella_246_C92688_1110904.pdf"
"BCU_Bastaire_Stella_247_C92689_1110911";"Sylvia";"Editions du ""Petit Echo de la Mode""";1930;"Collection Stella ; 247";"Vesco Marie Edmée";"fre";"text";"application/pdf";"Domaine public";"Bibliothèque Université Clermont Auvergne";"http://192.168.120.240/ged/files/fichiers_bcu/BCU_Bastaire_Stella_247_C92689_1110911.pdf"
"BCU_Bastaire_Stella_248_C92691_1110913";"La comtesse Edith";"Editions du ""Petit Echo de la Mode""";1930;"Collection Stella ; 248 ";"Cys Éric de";"fre";"text";"application/pdf";"Pas d’utilisation commerciale";"Bibliothèque Université Clermont Auvergne";"http://192.168.120.240/ged/files/fichiers_bcu/BCU_Bastaire_Stella_248_C92691_1110913.pdf"
"BCU_Bastaire_Stella_250_C92692_1110917";"La femme d'Alain";"Editions du ""Petit Echo de la Mode""";1930;"Collection Stella ; 250 ";"Mouans Anne";"fre";"text";"application/pdf";"Pas d’utilisation commerciale";"Bibliothèque Université Clermont Auvergne";"http://192.168.120.240/ged/files/fichiers_bcu/BCU_Bastaire_Stella_250_C92692_1110917.pdf"
"BCU_Bastaire_Stella_252_C92693_1110919";"Lyne aux roses";"Editions du ""Petit Echo de la Mode""";1930;"Collection Stella ; 252 ";"Cantegrive Anda";"fre";"text";"application/pdf";"Pas d’utilisation commerciale";"Bibliothèque Université Clermont Auvergne";"http://192.168.120.240/ged/files/fichiers_bcu/BCU_Bastaire_Stella_252_C92693_1110919.pdf"
"BCU_Bastaire_Stella_255_C92694_1110925";"Telle que je suis";"Editions du ""Petit Echo de la Mode""";1930;"Collection Stella ; 255 ";"Vérine Camille de";"fre";"text";"application/pdf";"Pas d’utilisation commerciale";"Bibliothèque Université Clermont Auvergne";"http://192.168.120.240/ged/files/fichiers_bcu/BCU_Bastaire_Stella_255_C92694_1110925.pdf"
"BCU_Bastaire_Stella_256_C92695_1110927";"La Jeannette";"Editions du ""Petit Echo de la Mode""";1930;"Collection Stella ; 256 ";"Vavasseur-Acher Simonet Alphonsine ";"fre";"text";"application/pdf";"Pas d’utilisation commerciale";"Bibliothèque Université Clermont Auvergne";"http://192.168.120.240/ged/files/fichiers_bcu/BCU_Bastaire_Stella_256_C92695_1110927.pdf"
"BCU_Bastaire_Stella_257_C92697_1110931";"L'aube sur la montagne";"Editions du ""Petit Echo de la Mode""";1930;"Collection Stella ; 257";"Renaudy Claude";"fre";"text";"application/pdf";"Domaine public";"Bibliothèque Université Clermont Auvergne";"http://192.168.120.240/ged/files/fichiers_bcu/BCU_Bastaire_Stella_257_C92697_1110931.pdf"
"BCU_Bastaire_Stella_259_C92698_1110934";"Seule dans la vie";"Editions du ""Petit Echo de la Mode""";1930;"Collection Stella ; 259 ";"Hullet Marie-Anne";"fre";"text";"application/pdf";"Domaine public";"Bibliothèque Université Clermont Auvergne";"http://192.168.120.240/ged/files/fichiers_bcu/BCU_Bastaire_Stella_259_C92698_1110934.pdf"
"BCU_Bastaire_Stella_260_C92699_1110940";"Le roman d'un joueur";"Editions du ""Petit Echo de la Mode""";1931;"Collection Stella ; 260 ";"Metcalf Edith";"fre";"text";"application/pdf";"Pas d’utilisation commerciale";"Bibliothèque Université Clermont Auvergne";"http://192.168.120.240/ged/files/fichiers_bcu/BCU_Bastaire_Stella_260_C92699_1110940.pdf"
"BCU_Bastaire_Stella_261_C92700_1110942";"Au-dessus de l'amour";"Editions du ""Petit Echo de la Mode""";1931;"Collection Stella ; 261 ";"Dourliac H.-A.";"fre";"text";"application/pdf";"Domaine public";"Bibliothèque Université Clermont Auvergne";"http://192.168.120.240/ged/files/fichiers_bcu/BCU_Bastaire_Stella_261_C92700_1110942.pdf"
"BCU_Bastaire_Stella_262_C92702_1110946";"Perlette";"Editions du ""Petit Echo de la Mode""";1931;"Collection Stella ; 262 ";"Loisel Yvonne";"fre";"text";"application/pdf";"Pas d’utilisation commerciale";"Bibliothèque Université Clermont Auvergne";"http://192.168.120.240/ged/files/fichiers_bcu/BCU_Bastaire_Stella_262_C92702_1110946.pdf"
"BCU_Bastaire_Stella_263_C92704_1110950";"Comme une fleur se fane...";"Editions du ""Petit Echo de la Mode""";1931;"Collection Stella ; 263 ";"Paquier Charles";"fre";"text";"application/pdf";"Pas d’utilisation commerciale";"Bibliothèque Université Clermont Auvergne";"http://192.168.120.240/ged/files/fichiers_bcu/BCU_Bastaire_Stella_263_C92704_1110950.pdf"
"BCU_Bastaire_Stella_266_C92706_1110968";"Dette sacrée";"Editions du ""Petit Echo de la Mode""";1931;"Collection Stella ; 266 ";"Mouans Anne";"fre";"text";"application/pdf";"Pas d’utilisation commerciale";"Bibliothèque Université Clermont Auvergne";"http://192.168.120.240/ged/files/fichiers_bcu/BCU_Bastaire_Stella_266_C92706_1110968.pdf"
"BCU_Bastaire_Stella_267_C92707_1110970";"La malle des îles";"Editions du ""Petit Echo de la Mode""";1931;"Collection Stella ; 267";"Grandchamp Jacques";"fre";"text";"application/pdf";"Pas d’utilisation commerciale";"Bibliothèque Université Clermont Auvergne";"http://192.168.120.240/ged/files/fichiers_bcu/BCU_Bastaire_Stella_267_C92707_1110970.pdf"
"BCU_Bastaire_Stella_268_C92708_1110972";"Le mari d'Emine";"Editions du ""Petit Echo de la Mode""";1931;"Collection Stella ; 268";"Fiel Marthe";"fre";"text";"application/pdf";"Pas d’utilisation commerciale";"Bibliothèque Université Clermont Auvergne";"http://192.168.120.240/ged/files/fichiers_bcu/BCU_Bastaire_Stella_268_C92708_1110972.pdf"
"BCU_Bastaire_Stella_272_C92709_1110981";"Les coeurs nouveaux";"Editions du ""Petit Echo de la Mode""";1931;"Collection Stella ; 272";"Héricart Jean";"fre";"text";"application/pdf";"Pas d’utilisation commerciale";"Bibliothèque Université Clermont Auvergne";"http://192.168.120.240/ged/files/fichiers_bcu/BCU_Bastaire_Stella_272_C92709_1110981.pdf"
"BCU_Bastaire_Stella_273_C92711_1110984";"Les roses d'automne";"Editions du ""Petit Echo de la Mode""";1931;"Collection Stella ; 273";"Lecomte Geneviève";"fre";"text";"application/pdf";"Pas d’utilisation commerciale";"Bibliothèque Université Clermont Auvergne";"http://192.168.120.240/ged/files/fichiers_bcu/BCU_Bastaire_Stella_273_C92711_1110984.pdf"
"BCU_Bastaire_Stella_276_C92712_1110993";"La revanche de Nysette";"Editions du ""Petit Echo de la Mode""";1931;"Collection Stella ; 276";"Vertiol Andrée";"fre";"text";"application/pdf";"Pas d’utilisation commerciale";"Bibliothèque Université Clermont Auvergne";"http://192.168.120.240/ged/files/fichiers_bcu/BCU_Bastaire_Stella_276_C92712_1110993.pdf"
"BCU_Bastaire_Stella_278_C92713_1110995";"Les nouveaux maîtres";"Editions du ""Petit Echo de la Mode""";1931;"Collection Stella ; 278";"Vidouze Jean de";"fre";"text";"application/pdf";"Pas d’utilisation commerciale";"Bibliothèque Université Clermont Auvergne";"http://192.168.120.240/ged/files/fichiers_bcu/BCU_Bastaire_Stella_278_C92713_1110995.pdf"
"BCU_Bastaire_Stella_279_C92714_1110997";"La vierge d'ivoire";"Editions du ""Petit Echo de la Mode""";1931;"Collection Stella ; 279";"Bouvet Marie-Louise";"fre";"text";"application/pdf";"Pas d’utilisation commerciale";"Bibliothèque Université Clermont Auvergne";"http://192.168.120.240/ged/files/fichiers_bcu/BCU_Bastaire_Stella_279_C92714_1110997.pdf"
"BCU_Bastaire_Stella_280_C92715_1111004";"""Je ne veux pas aimer !""";"Editions du ""Petit Echo de la Mode""";1931;"Collection Stella ; 280";"Dourliac H.-A.";"fre";"text";"application/pdf";"Domaine public";"Bibliothèque Université Clermont Auvergne";"http://192.168.120.240/ged/files/fichiers_bcu/BCU_Bastaire_Stella_280_C92715_1111004.pdf"
"BCU_Bastaire_Stella_281_C92717_1111007";"Plus haut";"Editions du ""Petit Echo de la Mode""";1931;"Collection Stella ; 281";"Mouans Anne";"fre";"text";"application/pdf";"Pas d’utilisation commerciale";"Bibliothèque Université Clermont Auvergne";"http://192.168.120.240/ged/files/fichiers_bcu/BCU_Bastaire_Stella_281_C92717_1111007.pdf"
"BCU_Bastaire_Stella_282_C92719_1111012";"Celui qu'on oublie";"Editions du ""Petit Echo de la Mode""";1931;"Collection Stella ; 282";"Bouvet Marie-Louise";"fre";"text";"application/pdf";"Pas d’utilisation commerciale";"Bibliothèque Université Clermont Auvergne";"http://192.168.120.240/ged/files/fichiers_bcu/BCU_Bastaire_Stella_282_C92719_1111012.pdf"
"BCU_Bastaire_Stella_284_C92720_1111016";"Belle-mère à tout faire";"Editions du ""Petit Echo de la Mode""";1932;"Collection Stella ; 284";"Saxel Pierre de";"fre";"text";"application/pdf";"Pas d’utilisation commerciale";"Bibliothèque Université Clermont Auvergne";"http://192.168.120.240/ged/files/fichiers_bcu/BCU_Bastaire_Stella_284_C92720_1111016.pdf"
"BCU_Bastaire_Stella_285_C92721_1111019";"L'impossible amitié";"Editions du ""Petit Echo de la Mode""";1932;"Collection Stella ; 285";"Perroy Marguerite";"fre";"text";"application/pdf";"Pas d’utilisation commerciale";"Bibliothèque Université Clermont Auvergne";"http://192.168.120.240/ged/files/fichiers_bcu/BCU_Bastaire_Stella_285_C92721_1111019.pdf"
"BCU_Bastaire_Stella_286_C92722_1111023";"La maison de nacre";"Editions du ""Petit Echo de la Mode""";1932;"Collection Stella ; 286";"Schaller Elisabeth";"fre";"text";"application/pdf";"Pas d’utilisation commerciale";"Bibliothèque Université Clermont Auvergne";"http://192.168.120.240/ged/files/fichiers_bcu/BCU_Bastaire_Stella_286_C92722_1111023.pdf"
"BCU_Bastaire_Stella_291_C92723_1111024";"La brèche dans le mur";"Editions du ""Petit Echo de la Mode""";1932;"Collection Stella ; 291";"O'Néves";"fre";"text";"application/pdf";"Pas d’utilisation commerciale";"Bibliothèque Université Clermont Auvergne";"http://192.168.120.240/ged/files/fichiers_bcu/BCU_Bastaire_Stella_291_C92723_1111024.pdf"
"BCU_Bastaire_Stella_292_C92725_1111035";"Un étrange secret";"Editions du ""Petit Echo de la Mode""";1932;"Collection Stella ; 292";"Langlois Hélène";"fre";"text";"application/pdf";"Pas d’utilisation commerciale";"Bibliothèque Université Clermont Auvergne";"http://192.168.120.240/ged/files/fichiers_bcu/BCU_Bastaire_Stella_292_C92725_1111035.pdf"
"BCU_Bastaire_Stella_293_C92726_1111043";"La fuite éperdue";"Editions du ""Petit Echo de la Mode""";1932;"Collection Stella ; 293";"Wentworth Patricia";"fre";"text";"application/pdf";"Pas d’utilisation commerciale";"Bibliothèque Université Clermont Auvergne";"http://192.168.120.240/ged/files/fichiers_bcu/BCU_Bastaire_Stella_293_C92726_1111043.pdf"
"BCU_Bastaire_Stella_294_C92727_1111047";"Le mari de la reine";"Editions du ""Petit Echo de la Mode""";1932;"Collection Stella ; 294";"Cys Éric de Alice Muriel";"fre";"text";"application/pdf";"Pas d’utilisation commerciale";"Bibliothèque Université Clermont Auvergne";"http://192.168.120.240/ged/files/fichiers_bcu/BCU_Bastaire_Stella_294_C92727_1111047.pdf"
"BCU_Bastaire_Stella_300_C92728_1111049";"Etre princesse !";"Editions du ""Petit Echo de la Mode""";1932;"Collection Stella ; 300";"Williamson";"fre";"text";"application/pdf";"Domaine public";"Bibliothèque Université Clermont Auvergne";"http://192.168.120.240/ged/files/fichiers_bcu/BCU_Bastaire_Stella_300_C92728_1111049.pdf"
"BCU_Bastaire_Stella_301_C92729_1111055";"Routes incertaines";"Editions du ""Petit Echo de la Mode""";1932;"Collection Stella ; 301";"Baudignécourt Adrienne";"fre";"text";"application/pdf";"Domaine public";"Bibliothèque Université Clermont Auvergne";"http://192.168.120.240/ged/files/fichiers_bcu/BCU_Bastaire_Stella_301_C92729_1111055.pdf"
"BCU_Bastaire_Stella_303_C92731_1111056";"Chacun son bonheur";"Editions du ""Petit Echo de la Mode""";1932;"Collection Stella ; 303";"Casevitz Thérèse";"fre";"text";"application/pdf";"Pas d’utilisation commerciale";"Bibliothèque Université Clermont Auvergne";"http://192.168.120.240/ged/files/fichiers_bcu/BCU_Bastaire_Stella_303_C92731_1111056.pdf"
"BCU_Bastaire_Stella_304_C92732_1111057";"Le mystérieux chemin";"Editions du ""Petit Echo de la Mode""";1932;"Collection Stella ; 304";"Mauclère Jean";"fre";"text";"application/pdf";"Pas d’utilisation commerciale";"Bibliothèque Université Clermont Auvergne";"http://192.168.120.240/ged/files/fichiers_bcu/BCU_Bastaire_Stella_304_C92732_1111057.pdf"
"BCU_Bastaire_Stella_307_C92734_1111059";"Soeur Anne...";"Editions du ""Petit Echo de la Mode""";1932;"Collection Stella ; 307";"Saint-Céré";"fre";"text";"application/pdf";"Pas d’utilisation commerciale";"Bibliothèque Université Clermont Auvergne";"http://192.168.120.240/ged/files/fichiers_bcu/BCU_Bastaire_Stella_307_C92734_1111059.pdf"
"BCU_Bastaire_Stella_308_C92735_1111073";"Le mariage de Nelly";"Editions du ""Petit Echo de la Mode""";1933;"Collection Stella ; 308";"Idiers Marcel";"fre";"text";"application/pdf";"Pas d’utilisation commerciale";"Bibliothèque Université Clermont Auvergne";"http://192.168.120.240/ged/files/fichiers_bcu/BCU_Bastaire_Stella_308_C92735_1111073.pdf"
"BCU_Bastaire_Stella_309_C92736_1111078";"L'énigme";"Editions du ""Petit Echo de la Mode""";1933;"Collection Stella ; 309";"Leduic M.-J.";"fre";"text";"application/pdf";"Pas d’utilisation commerciale";"Bibliothèque Université Clermont Auvergne";"http://192.168.120.240/ged/files/fichiers_bcu/BCU_Bastaire_Stella_309_C92736_1111078.pdf"
"BCU_Bastaire_Stella_310_C92737_1111087";"La conscience de Gilberte";"Editions du ""Petit Echo de la Mode""";1933;"Collection Stella ; 310";"Crisenoy Maria de";"fre";"text";"application/pdf";"Pas d’utilisation commerciale";"Bibliothèque Université Clermont Auvergne";"http://192.168.120.240/ged/files/fichiers_bcu/BCU_Bastaire_Stella_310_C92737_1111087.pdf"
"BCU_Bastaire_Stella_311_C92738_1111095";"Et l'amour vint...";"Editions du ""Petit Echo de la Mode""";1933;"Collection Stella ; 311";"Jégo Jean";"fre";"text";"application/pdf";"Domaine public";"Bibliothèque Université Clermont Auvergne";"http://192.168.120.240/ged/files/fichiers_bcu/BCU_Bastaire_Stella_311_C92738_1111095.pdf"
"BCU_Bastaire_Stella_313_C92739_1111098";"La fiancée de Ramon";"Editions du ""Petit Echo de la Mode""";1933;"Collection Stella ; 313 ";"Doré Manuel";"fre";"text";"application/pdf";"Pas d’utilisation commerciale";"Bibliothèque Université Clermont Auvergne";"http://192.168.120.240/ged/files/fichiers_bcu/BCU_Bastaire_Stella_313_C92739_1111098.pdf"
"BCU_Bastaire_Stella_314_C92740_1111100";"La buissonnière";"Editions du ""Petit Echo de la Mode""";1933;"Collection Stella ; 314";"Mouans Anne";"fre";"text";"application/pdf";"Pas d’utilisation commerciale";"Bibliothèque Université Clermont Auvergne";"http://192.168.120.240/ged/files/fichiers_bcu/BCU_Bastaire_Stella_314_C92740_1111100.pdf"
"BCU_Bastaire_Stella_316_C92741_1111105";"Pour elle !";"Editions du ""Petit Echo de la Mode""";1933;"Collection Stella ; 316 ";"Saxel Pierre de";"fre";"text";"application/pdf";"Pas d’utilisation commerciale";"Bibliothèque Université Clermont Auvergne";"http://192.168.120.240/ged/files/fichiers_bcu/BCU_Bastaire_Stella_316_C92741_1111105.pdf"
"BCU_Bastaire_Stella_318_C92742_1111114";"Princesse de porcelaine";"Editions du ""Petit Echo de la Mode""";1933;"Collection Stella ; 318";"Lambry Léon";"fre";"text";"application/pdf";"Domaine public";"Bibliothèque Université Clermont Auvergne";"http://192.168.120.240/ged/files/fichiers_bcu/BCU_Bastaire_Stella_318_C92742_1111114.pdf"
"BCU_Bastaire_Stella_319_C92743_1111120";"Ame de coquette";"Editions du ""Petit Echo de la Mode""";1933;"Collection Stella ; 319";"Hungerford Margaret Wolfe";"fre";"text";"application/pdf";"Domaine public";"Bibliothèque Université Clermont Auvergne";"http://192.168.120.240/ged/files/fichiers_bcu/BCU_Bastaire_Stella_319_C92743_1111120.pdf"
"BCU_Bastaire_Stella_322_C92745_1111130";"Coeur affranchi";"Editions du ""Petit Echo de la Mode""";1933;"Collection Stella ; 322";"Flowerdew Herbert";"fre";"text";"application/pdf";"Domaine public";"Bibliothèque Université Clermont Auvergne";"http://192.168.120.240/ged/files/fichiers_bcu/BCU_Bastaire_Stella_322_C92745_1111130.pdf"
"BCU_Bastaire_Stella_326_C92747_1111136";"La soeur du bandit";"Editions du ""Petit écho de la Mode""";1933;"Collection Stella ; 326";"Gasztowtt Anne-Marie";"fre";"text";"application/pdf";"Pas d’utilisation commerciale";"Bibliothèque Université Clermont Auvergne";"http://192.168.120.240/ged/files/fichiers_bcu/BCU_Bastaire_Stella_326_C92747_1111136.pdf"
"BCU_Bastaire_Stella_328_C92748_1111144";"Claire Davril";"Editions du ""Petit Echo de la Mode""";1933;"Collection Stella ; 328 ";"Willette Henriette";"fre";"text";"application/pdf";"Pas d’utilisation commerciale";"Bibliothèque Université Clermont Auvergne";"http://192.168.120.240/ged/files/fichiers_bcu/BCU_Bastaire_Stella_328_C92748_1111144.pdf"
"BCU_Bastaire_Stella_329_C92750_1111145";"L'amoureux de Frida";"Editions du ""Petit Echo de la Mode""";1933;"Collection Stella ; 329";"Jégo Jean";"fre";"text";"application/pdf";"Domaine public";"Bibliothèque Université Clermont Auvergne";"http://192.168.120.240/ged/files/fichiers_bcu/BCU_Bastaire_Stella_329_C92750_1111145.pdf"
"BCU_Bastaire_Stella_330_C92751_1111146";"Rose ou La fiancée de province";"Editions du ""Petit Echo de la Mode""";1933;"Collection Stella ; 330 ";"Des Gachons Jacques";"fre";"text";"application/pdf";"Domaine public";"Bibliothèque Université Clermont Auvergne";"http://192.168.120.240/ged/files/fichiers_bcu/BCU_Bastaire_Stella_330_C92751_1111146.pdf"
"BCU_Bastaire_Stella_332_C92752_1111149";"Au delà du pardon";"Editions du ""Petit Echo de la Mode""";1934;"Collection Stella ; 332 ";"Féli Victor";"fre";"text";"application/pdf";"Pas d’utilisation commerciale";"Bibliothèque Université Clermont Auvergne";"http://192.168.120.240/ged/files/fichiers_bcu/BCU_Bastaire_Stella_332_C92752_1111149.pdf"
"BCU_Bastaire_Stella_334_C92754_1111156";"Sally et son mari";"Editions du ""Petit Echo de la Mode""";1934;"Collection Stella ; 334 ";"Albanesi Maria";"fre";"text";"application/pdf";"Pas d’utilisation commerciale";"Bibliothèque Université Clermont Auvergne";"http://192.168.120.240/ged/files/fichiers_bcu/BCU_Bastaire_Stella_334_C92754_1111156.pdf"
"BCU_Bastaire_Stella_321_C92744_1111142";"Mammy, moi et les autres";"Editions du ""Petit Echo de la Mode""";1933;"Collection Stella ; 321 ";"Brémaud Yvonne";"fre";"text";"application/pdf";"Pas d’utilisation commerciale";"Bibliothèque Université Clermont Auvergne";"http://192.168.120.240/ged/files/fichiers_bcu/BCU_Bastaire_Stella_321_C92744_1111142.pdf"
"BCU_Bastaire_Stella_335_C92755_1111298";"Les fiançailles de Rosette";"Editions du ""Petit Echo de la Mode""";1934;"Collection Stella ; 335";"Myre José";"fre";"text";"application/pdf";"Pas d’utilisation commerciale";"Bibliothèque Université Clermont Auvergne";"http://192.168.120.240/ged/files/fichiers_bcu/BCU_Bastaire_Stella_335_C92755_1111298.pdf"
"BCU_Bastaire_Stella_337_C92757_1111303";"Gisèle exilée";"Editions du ""Petit Echo de la Mode""";1934;"Collection Stella ; 337 ";"Mouans Anne";"fre";"text";"application/pdf";"Pas d’utilisation commerciale";"Bibliothèque Université Clermont Auvergne";"http://192.168.120.240/ged/files/fichiers_bcu/BCU_Bastaire_Stella_337_C92757_1111303.pdf"
"BCU_Bastaire_Stella_339_C92758_1111305";"Coeur de danoise";"Editions du ""Petit Echo de la Mode""";1934;"Collection Stella ; 339 ";"Chantal F. de";"fre";"text";"application/pdf";"Pas d’utilisation commerciale";"Bibliothèque Université Clermont Auvergne";"http://192.168.120.240/ged/files/fichiers_bcu/BCU_Bastaire_Stella_339_C92758_1111305.pdf"
"BCU_Bastaire_Stella_340_C92760_1111308";"La fiancée infidèle";"Editions du ""Petit Echo de la Mode""";1934;"Collection Stella ; 340 ";"Baillehache";"fre";"text";"application/pdf";"Pas d’utilisation commerciale";"Bibliothèque Université Clermont Auvergne";"http://192.168.120.240/ged/files/fichiers_bcu/BCU_Bastaire_Stella_340_C92760_1111308.pdf"
"BCU_Bastaire_Stella_341_C92762_1111311";"Le mauvais pas";"Editions du ""Petit Echo de la Mode""";1934;"Collection Stella ; 341 ";"Des Gachons Jacques";"fre";"text";"application/pdf";"Domaine public";"Bibliothèque Université Clermont Auvergne";"http://192.168.120.240/ged/files/fichiers_bcu/BCU_Bastaire_Stella_341_C92762_1111311.pdf"
"BCU_Bastaire_Stella_342_C92763_1111317";"Véritable amour";"Editions du ""Petit Echo de la Mode""";1930;"Collection Stella ; 342";"Chataignier J.";"fre";"text";"application/pdf";"Pas d’utilisation commerciale";"Bibliothèque Université Clermont Auvergne";"http://192.168.120.240/ged/files/fichiers_bcu/BCU_Bastaire_Stella_342_C92763_1111317.pdf"
"BCU_Bastaire_Stella_344_C92764_1111321";"Le manoir de la reine";"Editions du ""Petit Echo de la Mode""";1934;"Collection Stella ; 344 ";"Williamson Alice Muriel";"fre";"text";"application/pdf";"Domaine public";"Bibliothèque Université Clermont Auvergne";"http://192.168.120.240/ged/files/fichiers_bcu/BCU_Bastaire_Stella_344_C92764_1111321.pdf"
"BCU_Bastaire_Stella_347_C92765_1111325";"Sourire d'automne";"Editions du ""Petit Echo de la Mode""";1934;"Collection Stella ; 347 ";"Dourliac H.-A.";"fre";"text";"application/pdf";"Pas d’utilisation commerciale";"Bibliothèque Université Clermont Auvergne";"http://192.168.120.240/ged/files/fichiers_bcu/BCU_Bastaire_Stella_347_C92765_1111325.pdf"
"BCU_Bastaire_Stella_348_C92766_1111328";"La maison de Joëlle";"Editions du ""Petit Echo de la Mode""";1934;"Collection Stella ; 348";"Grandchamp Jacques";"fre";"text";"application/pdf";"Pas d’utilisation commerciale";"Bibliothèque Université Clermont Auvergne";"http://192.168.120.240/ged/files/fichiers_bcu/BCU_Bastaire_Stella_348_C92766_1111328.pdf"
"BCU_Bastaire_Stella_350_C92767_1111331";"Vers l'avenir";"Editions du ""Petit Echo de la Mode""";1934;"Collection Stella ; 350";"Moret Jeannette";"fre";"text";"application/pdf";"Pas d’utilisation commerciale";"Bibliothèque Université Clermont Auvergne";"http://192.168.120.240/ged/files/fichiers_bcu/BCU_Bastaire_Stella_350_C92767_1111331.pdf"
"BCU_Bastaire_Stella_351_C92770_1111335";"L'une et ... les autres";"Editions du ""Petit Echo de la Mode""";1934;"Collection Stella ; 351 ";"Guérin Lita";"fre";"text";"application/pdf";"Pas d’utilisation commerciale";"Bibliothèque Université Clermont Auvergne";"http://192.168.120.240/ged/files/fichiers_bcu/BCU_Bastaire_Stella_351_C92770_1111335.pdf"
"BCU_Bastaire_Stella_352_C92772_1111337";"Le fanal dans la nuit";"Editions du ""Petit Echo de la Mode""";1934;"Collection Stella ; 352 ";"Temple Bailey Irène";"fre";"text";"application/pdf";"Pas d’utilisation commerciale";"Bibliothèque Université Clermont Auvergne";"http://192.168.120.240/ged/files/fichiers_bcu/BCU_Bastaire_Stella_352_C92772_1111337.pdf"
"BCU_Bastaire_Stella_353_C92773_1111339";"Sous l'aiguillon !";"Editions du ""Petit Echo de la Mode""";1934;"Collection Stella ; 353 ";"Crisenoy Maria de";"fre";"text";"application/pdf";"Pas d’utilisation commerciale";"Bibliothèque Université Clermont Auvergne";"http://192.168.120.240/ged/files/fichiers_bcu/BCU_Bastaire_Stella_353_C92773_1111339.pdf"
"BCU_Bastaire_Stella_356_C92775_1111342";"La victorieuse";"Editions du ""Petit Echo de la Mode""";1935;"Collection Stella ; 356 ";"Aulès Marc";"fre";"text";"application/pdf";"Pas d’utilisation commerciale";"Bibliothèque Université Clermont Auvergne";"http://192.168.120.240/ged/files/fichiers_bcu/BCU_Bastaire_Stella_356_C92775_1111342.pdf"
"BCU_Bastaire_Stella_357_C92777_1111344";"Le chemin sans fleurs";"Editions du ""Petit Echo de la Mode""";1935;"Collection Stella ; 357 ";"Belloni Silva";"fre";"text";"application/pdf";"Pas d’utilisation commerciale";"Bibliothèque Université Clermont Auvergne";"http://192.168.120.240/ged/files/fichiers_bcu/BCU_Bastaire_Stella_357_C92777_1111344.pdf"
"BCU_Bastaire_Stella_358_C92781_1111345";"Tête folle, coeur profond";"Editions du ""Petit Echo de la Mode""";1935;"Collection Stella ; 358 ";"Korab P.";"fre";"text";"application/pdf";"Pas d’utilisation commerciale";"Bibliothèque Université Clermont Auvergne";"http://192.168.120.240/ged/files/fichiers_bcu/BCU_Bastaire_Stella_358_C92781_1111345.pdf"
"BCU_Bastaire_Stella_359_C92782_1111347";"Après la tourmente";"Editions du ""Petit Echo de la Mode""";1935;"Collection Stella ; 359 ";"Puliga Henriette de Quigini";"fre";"text";"application/pdf";"Domaine public";"Bibliothèque Université Clermont Auvergne";"http://192.168.120.240/ged/files/fichiers_bcu/BCU_Bastaire_Stella_359_C92782_1111347.pdf"
"BCU_Bastaire_Stella_360_C92783_1111349";"Sa part de bonheur";"Editions du ""Petit Echo de la Mode""";1935;"Collection Stella ; 360 ";"Hay Ian";"fre";"text";"application/pdf";"Pas d’utilisation commerciale";"Bibliothèque Université Clermont Auvergne";"http://192.168.120.240/ged/files/fichiers_bcu/BCU_Bastaire_Stella_360_C92783_1111349.pdf"
"BCU_Bastaire_Stella_361_C92785_1111352";"Pour la vie";"Editions du ""Petit Echo de la Mode""";1935;"Collection Stella ; 361 ";"Mouans Anne";"fre";"text";"application/pdf";"Pas d’utilisation commerciale";"Bibliothèque Université Clermont Auvergne";"http://192.168.120.240/ged/files/fichiers_bcu/BCU_Bastaire_Stella_361_C92785_1111352.pdf"
"BCU_Bastaire_Stella_362_C92787_1111353";"Trop loin de moi";"Editions du ""Petit Echo de la Mode""";1935;"Collection Stella ; 362 ";"Gariel Marie";"fre";"text";"application/pdf";"Pas d’utilisation commerciale";"Bibliothèque Université Clermont Auvergne";"http://192.168.120.240/ged/files/fichiers_bcu/BCU_Bastaire_Stella_362_C92787_1111353.pdf"
"BCU_Bastaire_Stella_363_C92788_1111355";"Jeunesse !";"Editions du ""Petit Echo de la Mode""";1935;"Collection Stella ; 363";"Magd-Abril";"fre";"text";"application/pdf";"Pas d’utilisation commerciale";"Bibliothèque Université Clermont Auvergne";"http://192.168.120.240/ged/files/fichiers_bcu/BCU_Bastaire_Stella_363_C92788_1111355.pdf"
"BCU_Bastaire_Stella_364_C92789_1111357";"Mademoiselle de la Tour-Maudite";"Editions du ""Petit Echo de la Mode""";1935;"Collection Stella ; 364 ";"Boissèble G. de";"fre";"text";"application/pdf";"Pas d’utilisation commerciale";"Bibliothèque Université Clermont Auvergne";"http://192.168.120.240/ged/files/fichiers_bcu/BCU_Bastaire_Stella_364_C92789_1111357.pdf"
"BCU_Bastaire_Stella_366_C92790_1111360";"Le retour au bercail";"Editions du ""Petit Echo de la Mode""";1935;"Collection Stella ; 366 ";"L'Epars A. de";"fre";"text";"application/pdf";"Pas d’utilisation commerciale";"Bibliothèque Université Clermont Auvergne";"http://192.168.120.240/ged/files/fichiers_bcu/BCU_Bastaire_Stella_366_C92790_1111360.pdf"
"BCU_Bastaire_Stella_368_C92792_1111361";"Marié malgré lui";"Editions du ""Petit Echo de la Mode""";1935;"Collection Stella ; 368 ";"Prigel M.";"fre";"text";"application/pdf";"Pas d’utilisation commerciale";"Bibliothèque Université Clermont Auvergne";"http://192.168.120.240/ged/files/fichiers_bcu/BCU_Bastaire_Stella_368_C92792_1111361.pdf"
"BCU_Bastaire_Stella_369_C92794_1111367";"Petite dame verte";"Editions du ""Petit Echo de la Mode""";1935;"Collection Stella ; 369 ";"Mathers Hélène";"fre";"text";"application/pdf";"Domaine public";"Bibliothèque Université Clermont Auvergne";"http://192.168.120.240/ged/files/fichiers_bcu/BCU_Bastaire_Stella_369_C92794_1111367.pdf"
"BCU_Bastaire_Stella_371_C92795_1111372";"L'offrande";"Editions du ""Petit Echo de la Mode""";1935;"Collection Stella ; 371 ";"Péronnet Mme Charles";"fre";"text";"application/pdf";"Domaine public";"Bibliothèque Université Clermont Auvergne";"http://192.168.120.240/ged/files/fichiers_bcu/BCU_Bastaire_Stella_371_C92795_1111372.pdf"
"BCU_Bastaire_Stella_372_C92797_1111377";"Loulette et son mari";"Editions du ""Petit Echo de la Mode""";1935;"Collection Stella ; 372 ";"Deberre Line";"fre";"text";"application/pdf";"Pas d’utilisation commerciale";"Bibliothèque Université Clermont Auvergne";"http://192.168.120.240/ged/files/fichiers_bcu/BCU_Bastaire_Stella_372_C92797_1111377.pdf"
"BCU_Bastaire_Stella_375_C92798_1111378";"Paladins modernes";"Editions du ""Petit Echo de la Mode""";1935;"Collection Stella ; 375 ";"Géniaux Claire-Charles";"fre";"text";"application/pdf";"Pas d’utilisation commerciale";"Bibliothèque Université Clermont Auvergne";"http://192.168.120.240/ged/files/fichiers_bcu/BCU_Bastaire_Stella_375_C92798_1111378.pdf"
"BCU_Bastaire_Stella_377_C92799_1111380";"Les jours nouveaux";"Editions du ""Petit Echo de la Mode""";1935;"Collection Stella ; 377 ";"Verdat Germaine";"fre";"text";"application/pdf";"Pas d’utilisation commerciale";"Bibliothèque Université Clermont Auvergne";"http://192.168.120.240/ged/files/fichiers_bcu/BCU_Bastaire_Stella_377_C92799_1111380.pdf"
"BCU_Bastaire_Stella_379_C92800_1111382";"Derrière le masque";"Editions du ""Petit Echo de la Mode""";1935;"Collection Stella ; 379 ";"Moret Jeannette";"fre";"text";"application/pdf";"Pas d’utilisation commerciale";"Bibliothèque Université Clermont Auvergne";"http://192.168.120.240/ged/files/fichiers_bcu/BCU_Bastaire_Stella_379_C92800_1111382.pdf"
"BCU_Bastaire_Stella_380_C92801_1111384";"La femme du fou";"Editions du ""Petit Echo de la Mode""";1936;"Collection Stella ; 380 ";"Barasc Jean de";"fre";"text";"application/pdf";"Pas d’utilisation commerciale";"Bibliothèque Université Clermont Auvergne";"http://192.168.120.240/ged/files/fichiers_bcu/BCU_Bastaire_Stella_380_C92801_1111384.pdf"
"BCU_Bastaire_Stella_381_C92802_1111386";"Le paradis retrouvé";"Editions du ""Petit Echo de la Mode""";1936;"Collection Stella ; 381 ";"Adenis Edouard";"fre";"text";"application/pdf";"Pas d’utilisation commerciale";"Bibliothèque Université Clermont Auvergne";"http://192.168.120.240/ged/files/fichiers_bcu/BCU_Bastaire_Stella_381_C92802_1111386.pdf"
"BCU_Bastaire_Stella_384_C92803_1111389";"D'une fenêtre";"Editions du ""Petit Echo de la Mode""";1936;"Collection Stella ; 384 ";"Bouvet Marie-Louise";"fre";"text";"application/pdf";"Pas d’utilisation commerciale";"Bibliothèque Université Clermont Auvergne";"http://192.168.120.240/ged/files/fichiers_bcu/BCU_Bastaire_Stella_384_C92803_1111389.pdf"
"BCU_Bastaire_Stella_385_C92805_1111390";"La sacrifiée";"Editions du ""Petit Echo de la Mode""";1936;"Collection Stella ; 385 ";"Dourliac H.-A.";"fre";"text";"application/pdf";"Domaine public";"Bibliothèque Université Clermont Auvergne";"http://192.168.120.240/ged/files/fichiers_bcu/BCU_Bastaire_Stella_385_C92805_1111390.pdf"
"BCU_Bastaire_Stella_386_C92806_1111391";"Un étrange voisin";"Editions du ""Petit Echo de la Mode""";1936;"Collection Stella ; 386 ";"Myre José";"fre";"text";"application/pdf";"Pas d’utilisation commerciale";"Bibliothèque Université Clermont Auvergne";"http://192.168.120.240/ged/files/fichiers_bcu/BCU_Bastaire_Stella_386_C92806_1111391.pdf"
"BCU_Bastaire_Stella_392_C92807_1111493";"Au pays du soleil";"Editions du ""Petit Echo de la Mode""";1936;"Collection Stella ; 392 ";"Claude Pierre";"fre";"text";"application/pdf";"Pas d’utilisation commerciale";"Bibliothèque Université Clermont Auvergne";"http://192.168.120.240/ged/files/fichiers_bcu/BCU_Bastaire_Stella_392_C92807_1111493.pdf"
"BCU_Bastaire_Stella_394_C92808_1111495";"La chance";"Editions du ""Petit Echo de la Mode""";1936;"Collection Stella ; 394 ";"Daumière René";"fre";"text";"application/pdf";"Pas d’utilisation commerciale";"Bibliothèque Université Clermont Auvergne";"http://192.168.120.240/ged/files/fichiers_bcu/BCU_Bastaire_Stella_394_C92808_1111495.pdf"
"BCU_Bastaire_Stella_395_C92809_1111497";"Vaincre !";"Editions du ""Petit Echo de la Mode""";1936;"Collection Stella ; 395 ";"Chenavéry J.G.";"fre";"text";"application/pdf";"Pas d’utilisation commerciale";"Bibliothèque Université Clermont Auvergne";"http://192.168.120.240/ged/files/fichiers_bcu/BCU_Bastaire_Stella_395_C92809_1111497.pdf"
"BCU_Bastaire_Stella_396_C92810_1111499";"La petite fille au fantôme";"Editions du ""Petit Echo de la Mode""";1936;"Collection Stella ; 396 ";"Sandy Isabelle";"fre";"text";"application/pdf";"Pas d’utilisation commerciale";"Bibliothèque Université Clermont Auvergne";"http://192.168.120.240/ged/files/fichiers_bcu/BCU_Bastaire_Stella_396_C92810_1111499.pdf"
"BCU_Bastaire_Stella_398_C92811_1111502";"Le bien-marié";"Editions du ""Petit Echo de la Mode""";1936;"Collection Stella ; 398 ";"Beaume Georges";"fre";"text";"application/pdf";"Domaine public";"Bibliothèque Université Clermont Auvergne";"http://192.168.120.240/ged/files/fichiers_bcu/BCU_Bastaire_Stella_398_C92811_1111502.pdf"
"BCU_Bastaire_Stella_406_C92812_1111505";"Un mari par surcroît";"Editions du ""Petit Echo de la Mode""";1937;"Collection Stella ; 406 ";"Dorlhys Jean";"fre";"text";"application/pdf";"Pas d’utilisation commerciale";"Bibliothèque Université Clermont Auvergne";"http://192.168.120.240/ged/files/fichiers_bcu/BCU_Bastaire_Stella_406_C92812_1111505.pdf"
"BCU_Bastaire_Stella_407_C92813_1111511";"Deux fiancées";"Editions du ""Petit Echo de la Mode""";1937;"Collection Stella ; 407 ";"Garvice Charles";"fre";"text";"application/pdf";"Domaine public";"Bibliothèque Université Clermont Auvergne";"http://192.168.120.240/ged/files/fichiers_bcu/BCU_Bastaire_Stella_407_C92813_1111511.pdf"
"BCU_Bastaire_Stella_408_C92814_1111514";"Le mobile secret";"Editions du ""Petit Echo de la Mode""";1937;"Collection Stella ; 408 ";"Langlois Hélène";"fre";"text";"application/pdf";"Pas d’utilisation commerciale";"Bibliothèque Université Clermont Auvergne";"http://192.168.120.240/ged/files/fichiers_bcu/BCU_Bastaire_Stella_408_C92814_1111514.pdf"
"BCU_Bastaire_Stella_416_C92815_1111518";"Deux visages, un amour";"Editions du ""Petit Echo de la Mode""";1937;"Collection Stella ; 416";"Bergh Paul";"fre";"text";"application/pdf";"Pas d’utilisation commerciale";"Bibliothèque Université Clermont Auvergne";"http://192.168.120.240/ged/files/fichiers_bcu/BCU_Bastaire_Stella_416_C92815_1111518.pdf"
"BCU_Bastaire_Stella_419_C92816_1111520";"Le mal que fit une femme";"Editions du ""Petit Echo de la Mode""";1937;"Collection Stella ; 419 ";"Gestelys Léo";"fre";"text";"application/pdf";"Pas d’utilisation commerciale";"Bibliothèque Université Clermont Auvergne";"http://192.168.120.240/ged/files/fichiers_bcu/BCU_Bastaire_Stella_419_C92816_1111520.pdf"
"BCU_Bastaire_Stella_427_C92817_1111525";"L'éternelle chanson";"Editions du ""Petit Echo de la Mode""";1937;"Collection Stella ; 427 ";"Chauvière Claude";"fre";"text";"application/pdf";"Domaine public";"Bibliothèque Université Clermont Auvergne";"http://192.168.120.240/ged/files/fichiers_bcu/BCU_Bastaire_Stella_427_C92817_1111525.pdf"
"BCU_Bastaire_Stella_430_C92818_1111529";"La gamme de ""do""";"Editions du ""Petit Echo de la Mode""";1938;"Collection Stella ; 430 ";"Barrère-Affre Marie";"fre";"text";"application/pdf";"Pas d’utilisation commerciale";"Bibliothèque Université Clermont Auvergne";"http://192.168.120.240/ged/files/fichiers_bcu/BCU_Bastaire_Stella_430_C92818_1111529.pdf"
"BCU_Bastaire_Stella_432_C92819_1111532";"L'aventure de M. Mellac";"Editions du ""Petit Echo de la Mode""";1938;"Collection Stella ; 432 ";"Dominique Pierre";"fre";"text";"application/pdf";"Pas d’utilisation commerciale";"Bibliothèque Université Clermont Auvergne";"http://192.168.120.240/ged/files/fichiers_bcu/BCU_Bastaire_Stella_432_C92819_1111532.pdf"
"BCU_Bastaire_Stella_434_C92820_1111536";"Les deux mariages";"Editions du ""Petit Echo de la Mode""";1938;"Collection Stella ; 434 ";"Cantegrive Anda";"fre";"text";"application/pdf";"Pas d’utilisation commerciale";"Bibliothèque Université Clermont Auvergne";"http://192.168.120.240/ged/files/fichiers_bcu/BCU_Bastaire_Stella_434_C92820_1111536.pdf"
"BCU_Bastaire_Stella_435_C92821_1111537";"Immortelle jeunesse";"Editions du ""Petit Echo de la Mode""";1938;"Collection Stella ; 435 ";"Wailly Marie de";"fre";"text";"application/pdf";"Pas d’utilisation commerciale";"Bibliothèque Université Clermont Auvergne";"http://192.168.120.240/ged/files/fichiers_bcu/BCU_Bastaire_Stella_435_C92821_1111537.pdf"
"BCU_Bastaire_Stella_441_C92822_1111539";"Au petit Paris";"Editions du ""Petit Echo de la Mode""";1938;"Collection Stella ; 441 ";"Beaume Georges";"fre";"text";"application/pdf";"Domaine public";"Bibliothèque Université Clermont Auvergne";"http://192.168.120.240/ged/files/fichiers_bcu/BCU_Bastaire_Stella_441_C92822_1111539.pdf"
"BCU_Bastaire_Stella_442_C92823_1111542";"Pour ne pas mourir";"Editions du ""Petit Echo de la Mode""";1938;"Collection Stella ; 442 ";"Pierazzi Rina-Maria";"fre";"text";"application/pdf";"Pas d’utilisation commerciale";"Bibliothèque Université Clermont Auvergne";"http://192.168.120.240/ged/files/fichiers_bcu/BCU_Bastaire_Stella_442_C92823_1111542.pdf"
"BCU_Bastaire_Stella_443_C92825_1111544";"Marquise de Maulgrand";"Editions du ""Petit Echo de la Mode""";1938;"Collection Stella ; 443";"Cadiou Marie Rosalie Virginie";"fre";"text";"application/pdf";"Domaine public";"Bibliothèque Université Clermont Auvergne";"http://192.168.120.240/ged/files/fichiers_bcu/BCU_Bastaire_Stella_443_C92825_1111544.pdf"
"BCU_Bastaire_Stella_444_C92827_1111551";"Masque et visage";"Editions du ""Petit Echo de la Mode""";1938;"Collection Stella ; 444 ";"Crisenoy Maria de";"fre";"text";"application/pdf";"Pas d’utilisation commerciale";"Bibliothèque Université Clermont Auvergne";"http://192.168.120.240/ged/files/fichiers_bcu/BCU_Bastaire_Stella_444_C92827_1111551.pdf"
"BCU_Bastaire_Stella_445_C92828_1111555";"A-t-elle du coeur ?";"Editions du ""Petit Echo de la Mode""";1938;"Collection Stella ; 445 ";"Stuart Esme";"fre";"text";"application/pdf";"Domaine public";"Bibliothèque Université Clermont Auvergne";"http://192.168.120.240/ged/files/fichiers_bcu/BCU_Bastaire_Stella_445_C92828_1111555.pdf"
"BCU_Bastaire_Stella_446_C92829_1111557";"Messagère de bonheur";"Editions du ""Petit Echo de la Mode""";1938;"Collection Stella ; 446 ";"Vertiol Andrée";"fre";"text";"application/pdf";"Pas d’utilisation commerciale";"Bibliothèque Université Clermont Auvergne";"http://192.168.120.240/ged/files/fichiers_bcu/BCU_Bastaire_Stella_446_C92829_1111557.pdf"
"BCU_Bastaire_Stella_448_C92832_1111559";"Folle jeunesse";"Editions du ""Petit Echo de la Mode""";1938;"Collection Stella ; 448 ";"Langlois Hélène";"fre";"text";"application/pdf";"Pas d’utilisation commerciale";"Bibliothèque Université Clermont Auvergne";"http://192.168.120.240/ged/files/fichiers_bcu/BCU_Bastaire_Stella_448_C92832_1111559.pdf"
"BCU_Bastaire_Stella_453_C92833_1111566";"La monnaie du bonheur";"Editions du ""Petit Echo de la Mode""";1939;"Collection Stella ; 453 ";"Coriola";"fre";"text";"application/pdf";"Pas d’utilisation commerciale";"Bibliothèque Université Clermont Auvergne";"http://192.168.120.240/ged/files/fichiers_bcu/BCU_Bastaire_Stella_453_C92833_1111566.pdf"
"BCU_Bastaire_Stella_456_C92834_1111568";"L'obstacle";"Editions du ""Petit Echo de la Mode""";1939;"Collection Stella ; 456 ";"Ichard Jeanne Louise Marie";"fre";"text";"application/pdf";"Pas d’utilisation commerciale";"Bibliothèque Université Clermont Auvergne";"http://192.168.120.240/ged/files/fichiers_bcu/BCU_Bastaire_Stella_456_C92834_1111568.pdf"
"BCU_Bastaire_Stella_459_C92836_1111575";"Le prince errant";"Editions du ""Petit Echo de la Mode""";1939;"Collection Stella ; 459 ";"Ichard Jeanne Louise Marie";"fre";"text";"application/pdf";"Pas d’utilisation commerciale";"Bibliothèque Université Clermont Auvergne";"http://192.168.120.240/ged/files/fichiers_bcu/BCU_Bastaire_Stella_459_C92836_1111575.pdf"
"BCU_Bastaire_Stella_477_C92837_1111587";"Mademoiselle Quand-même";"Editions du ""Petit Echo de la Mode""";1940;"Collection Stella ; 477";"Wilsoves Paule de";"fre";"text";"application/pdf";"Pas d’utilisation commerciale";"Bibliothèque Université Clermont Auvergne";"http://192.168.120.240/ged/files/fichiers_bcu/BCU_Bastaire_Stella_477_C92837_1111587.pdf"
"BCU_Bastaire_Stella_489_C92838_1111597";"Douce-amère";"Editions du ""Petit Echo de la Mode""";1940;"Collection Stella ; 489 ";"Clopet Gabrielle";"fre";"text";"application/pdf";"Pas d’utilisation commerciale";"Bibliothèque Université Clermont Auvergne";"http://192.168.120.240/ged/files/fichiers_bcu/BCU_Bastaire_Stella_489_C92838_1111597.pdf"
"BCU_Bastaire_Stella_497_C92839_1111602";"Seule dans mon coeur";"Editions du ""Petit Echo de la Mode""";1941;"Collection Stella ; 497 ";"Cys Éric de";"fre";"text";"application/pdf";"Pas d’utilisation commerciale";"Bibliothèque Université Clermont Auvergne";"http://192.168.120.240/ged/files/fichiers_bcu/BCU_Bastaire_Stella_497_C92839_1111602.pdf"
"BCU_Bastaire_Stella_506_C92840_1111611";"L'amour qui meurt";"Editions du ""Petit Echo de la Mode""";1941;"Collection Stella ; 506 ";"Séneval Jehan de";"fre";"text";"application/pdf";"Pas d’utilisation commerciale";"Bibliothèque Université Clermont Auvergne";"http://192.168.120.240/ged/files/fichiers_bcu/BCU_Bastaire_Stella_506_C92840_1111611.pdf"
"BCU_Bastaire_Stella_518_C92842_1111623";"Aime... et reste fidèle";"Editions du ""Petit Echo de la Mode""";1941;"Collection Stella ; 518 ";"O'Néves Suzanne";"fre";"text";"application/pdf";"Pas d’utilisation commerciale";"Bibliothèque Université Clermont Auvergne";"http://192.168.120.240/ged/files/fichiers_bcu/BCU_Bastaire_Stella_518_C92842_1111623.pdf"
"BCU_Bastaire_Stella_524_C92843_1111632";"Sur champ d'azur...";"Editions de Montsouris";1942;"Collection Stella ; 524 ";"Levasseur";"fre";"text";"application/pdf";"Pas d’utilisation commerciale";"Bibliothèque Université Clermont Auvergne";"http://192.168.120.240/ged/files/fichiers_bcu/BCU_Bastaire_Stella_524_C92843_1111632.pdf"
"BCU_Bastaire_Stella_526_C92844_1111637";"Sous les ailes bleues";"Editions de Montsouris";1942;"Collection Stella ; 526 ";"Demais Jean";"fre";"text";"application/pdf";"Pas d’utilisation commerciale";"Bibliothèque Université Clermont Auvergne";"http://192.168.120.240/ged/files/fichiers_bcu/BCU_Bastaire_Stella_526_C92844_1111637.pdf"
"BCU_Bastaire_Stella_533_C92845_1111638";"Une étoile";"Editions de Montsouris";1948;"Collection Stella ; 533 ";"Mauclère Jean";"fre";"text";"application/pdf";"Pas d’utilisation commerciale";"Bibliothèque Université Clermont Auvergne";"http://192.168.120.240/ged/files/fichiers_bcu/BCU_Bastaire_Stella_533_C92845_1111638.pdf"
"BCU_Bastaire_Stella_537_C92846_1111639";"La tendre défaite";"Editions de Montsouris";1948;"Collection Stella ; 537 ";"Madal George";"fre";"text";"application/pdf";"Pas d’utilisation commerciale";"Bibliothèque Université Clermont Auvergne";"http://192.168.120.240/ged/files/fichiers_bcu/BCU_Bastaire_Stella_537_C92846_1111639.pdf"
"BCU_Bastaire_Stella_543_C92847_1111642";"Le portrait vivant";"Editions de Montsouris";1949;"Collection Stella ; 543 ";"Salvat Isabelle";"fre";"text";"application/pdf";"Pas d’utilisation commerciale";"Bibliothèque Université Clermont Auvergne";"http://192.168.120.240/ged/files/fichiers_bcu/BCU_Bastaire_Stella_543_C92847_1111642.pdf"
"BCU_Bastaire_Stella_547_C92848_1111644";"Le collier de scarabées";"Editions de Montsouris";1949;"Collection Stella ; 547 ";"Williamson Alice Muriel";"fre";"text";"application/pdf";"Domaine public";"Bibliothèque Université Clermont Auvergne";"http://192.168.120.240/ged/files/fichiers_bcu/BCU_Bastaire_Stella_547_C92848_1111644.pdf"
"BCU_Bastaire_Stella_590_C92849_1111645";"Passeport français";"Editions de Montsouris";1953;"Collection Stella ; 590 ";"Cys Éric de";"fre";"text";"application/pdf";"Pas d’utilisation commerciale";"Bibliothèque Université Clermont Auvergne";"http://192.168.120.240/ged/files/fichiers_bcu/BCU_Bastaire_Stella_590_C92849_1111645.pdf"
"BCU_Bastaire_Stella_534_C92850_1111646";"Le rose des nuages";"Editions de Montsouris";1953;"Collection Stella ; 534 ";"Christophe Jacques";"fre";"text";"application/pdf";"Pas d’utilisation commerciale";"Bibliothèque Université Clermont Auvergne";"http://192.168.120.240/ged/files/fichiers_bcu/BCU_Bastaire_Stella_534_C92850_1111646.pdf"
"BCU_Bastaire_Stella_457_C92835_1111684";"La force d'un serment";"Editions du ""Petit Echo de la Mode""";1939;"Collection Stella ; 457 ";"Gestelys Léo";"fre";"text";"application/pdf";"Pas d’utilisation commerciale";"Bibliothèque Université Clermont Auvergne";"http://192.168.120.240/ged/files/fichiers_bcu/BCU_Bastaire_Stella_457_C92835_1111684.pdf"
