"TITRE";"TITRE 2";"titre 3";"Createur 1";"Createur 2";"Createur 3";"Createur 4";"Createur 5";"Createur 6";"Createur 7";"Createur 8";"Createur 9";"Createur 10";"Createur 11";"Createur 12";"contributeur";"EDITEUR";"EDITEUR 2";"EDITEUR 3";"DATE";"FORMAT";"FORMAT 2";"FORMAT 3";"DESCRIPTION";"description 2";"description 3";"description 4";"Sujet 1";"Sujet 2";"TYPE";"LANGUE 1";"Langue 2";"DROITS";"Source";"URL";"identifiant"
"Commentaires aux coustumes du duché de Bourbonnois ";"Rapportées aux moeurs & observances des pays de Bourgongne [sic.], Berry, Auvergne, La Marche, Nivernois, & autres peu plus eslongnez: des premieres des Docteurs Canoniques & Civils, & Autheurs approuves aux lettres humaines... Avec deux Indices, l'un des Paraphes, & l'autre des matieres principales. ";;"Duret, Jean (1563-1629) ";;;;;;;;;;;;;"Benoist Rigaud ";"(Lyon)";;1585;"[12], 542, [48] p. ";"In-folio ";"application/pdf";"Extrait du privilège
Sig. *6, A-Z6, Aa-Zz6, Aaa-CCc8
Bandeaux, lettres ornées, page à encadrement";;;;;;"text";"fre";;"Domaine public";"Bibliothèque Université Clermont Auvergne";"http://192.168.129.239/files/fichiers_bcu/BCU_Commentaires_aux_coustumes_du_duche_de_bourbonnois.pdf";"BCU_Commentaires_aux_coustumes_du_duche_de_bourbonnois"
"Ta ek ton palaion kai gaton sophon komikon n', pnomina sozomena, ellenisti kai romaisti kalos kata stoikheion eis topoys tinas oyntetaymena.";"Vetustissimorum et sapientiss. comicorum quinquaginta, quorum opera integra non extant, sententiae, quae supersunt : graece et latine collectae, et secundum literas graecorum in certos locos dispositae. Accesserunt, uniuscuiusque poetae vita, quanta fieri potuit diligentia conscripta : et Platonii fragmentum, de differentiis comoediarum. Poetarum nomina proxime praesationem sequuntur. Per Jacobum Hertelium, curiensem.";;"Hertel, Jakob (....-1570) ";;;;;;;;;;;;;"Oporinus, Johann (1507-1568) ";"(Bâle)";;1560;"[64]-769-[31] p. ";"In-8 ";"application/pdf";"Sig. α-δ8, a-z8, A-Z8, Aa-Dd8 ";"Index sur deux colonnes à la fin. Textes grec et latin en regard. Préface de Jakob Hertel, datée de février 1560.";"Reliure cuir, dos à 5 nerfs et à décor doré, gardes marbrées caillouté, signet bleu. Ex-libris imprimé de Jean Gabriel de Fredefont de Sauvagnat au contreplat. Cachet de la bibliothèque de la ville de Clermont-Ferrand sur la page de titre et cachet de la bibliothèque municipale et interuniversitaire de Clermont-Ferrand p. 99 et sur la dernière page imprimée. Cote 45588 imprimée sur la page de titre et sur une étiquette ovale collée en haut du dos. Etiquette hexagonale collée en bas du dos avec ""16 U 64"". Notes manuscrites sur la page de titre et à l'intérieur de l'ouvrage. Année de publication ajoutée manuellement sur la page de titre sous le lieu de publication.";;;;"text";"lat";"grc";"Domaine public";"Bibliothèque Université Clermont Auvergne";"http://192.168.129.239/files/fichiers_bcu/BCU_Ta_ek_ton_palaion_kai_gaton_sophon_komikon.pdf";"BCU_Ta_ek_ton_palaion_kai_gaton_sophon_komikon"
"Recueil des edits, declarations, et arrests du Conseil concernant les gens de la religion prétenduë réformée, lesquels ont été registrez en la cour de Parlement, depuis l'année 1664 jusqu'à present ";"Derniere édition ";"Recueil des édits, déclarations, et arrêts du conseil concernant les gens de la religion prétendue réformée, lesquels ont été enregistrés en la cour du parlement depuis l'année 1664 jusqu'à présent ";"France. Conseil d'État (13..-1791) ";;;;;;;;;;;;;"Besongne, Jacques (1666-1727?) ";"(Rouen)";;1721;"[38]-434 p. ";"in-4";"application/pdf";"Sig. *3, a-b6, c3, A-Z6, Aa-Nn6, Oo2 ";"Privilège du roy du 18 octobre 1694 octroyé à Jacques Besongne ";"Reliure veau, dos à 5 nerfs, dorures petits fers sur le dos ; porte sur la feuille de garde ""Pour Monsieur L'Oiseau de la part de son très humble serviteur Montlon"", notes manuscrites sur la page de titre, estampille de la bibliothèque municipale et interuniversitaire de Clermont-Ferrand sur la page de titre et la dernière page imprimée, cote ""67840"" tamponnée en haut à droite de la page de titre, tampon ""Legs P. Le Blanc"" sur la page de titre et la dernière page imprimée. ";"Legs Paul Le Blanc ";;;"text";"fre";;"Domaine public";"Bibliothèque Université Clermont Auvergne";"http://192.168.129.239/files/fichiers_bcu/BCU_67840_Recueil_des_Edits.pdf";"BCU_67840_Recueil_des_Edits"
"Poematium dramaticum. Musarum et fortunae querimoniam continens. E graecis Plochiri Michaelis. Latinè eodem genere versuum expressum a Fed. Morello Par Prosessore & interprete Regio. Accesserunt epigram, quaedam è gracis conuersa, ab eod. int. ";;;"Plochirus, Michael ";;;;;;;;;;;;;"Morel, Fédéric (1573?-16..) ";"(Paris)";;1598;"8-8 p. ";"in-8";"application/pdf";"Sig. A-B4 ";"Marque au titre, bandeaux, lettrines ";"Reliure cuir, encadrement des plats par filets dorés, décor fleuri doré des chasses, contreplats en papier marbré caillouté vert, tranches dorées. Cotes sur étiquettes rondes au dos du livre : ""43895"" et ""16 Y 25"". Estampilles rouge et estampille bleue ""Bibliothèque de Clermont-Ferrand"" sur la page de titre, estampille noire ""Bibliothèque municipale et universitaire de Clermont-Fd"" sur la dernière page imprimée. Cote imprimée ""43895"" sur la page de titre. Etiquette imprimée de la Bibliothèque de Clermont-Ferrand au contreplat avec la référence manuscrite ""H 2505"". Signet rose. Ex-dono imprimé collé au contreplat ""Livre donné par B. Gonod, bibliothécaire de Clermont, de 1827 à 1849"", n° manuscrit : 103 ";;;;"text";"lat";"grc";"Domaine public";"Bibliothèque Université Clermont Auvergne";"http://192.168.129.239/files/fichiers_bcu/BCU_Poematium_dramaticum_43895.pdf";"BCU_Poematium_dramaticum_43895"
"Plutarchi Cheronei Græcorum Romanorumque illustrium vitæ ";"Vies parallèles ";;"Plutarque (0046?-0120?) ";;;;;;;;;;;;;"Isengrin, Michael (1500-1557) ";"(Bâle)";;1552;"[24]-392 f. ";"In-folio";"application/pdf";"Sig. α-δ6, a-z8, A-Z8, Aa-Cc8 ";"Epître au lecteur et poème signé ""Jo.Sinap."" (Johannes Sinapius) sur la page de titre. Sommaire au verso du titre. Epître dédicatoire de Hieronymus Gemuseus à Ludovico Dangerant, datée de Bâle, août 1542. Marque de Michael Isengrin au titre et au verso de la dernière page, lettres historiées ";"Reliure veau à décor doré, dos à 6 nerfs avec fleurons dorés entre les nerfs, filets dorés en encadrement des plats. Nombreuses notes manuscrites et imprimées (certaines biffées) dans les marges en grec et en latin. Cote 14114 sur la page de titre et sur une étiquette en haut du dos. Etiquette ""BCF"" en bas du dos. Etiquette imprimée et collée au contreplat de la bibliothèque de Clermont-Ferrand avec la cote manuscrite H.2768. Texte manuscrit au contreplat arrière (1553). Ex-libris manuscrit ""RC"" sur la 1ère page. Ex-dono manuscrit ""Gilberti Caroli Camus"" (1726) sur la page de titre. Mentions manuscrites de possession biffées sur la page de titre et sur la page en regard (1829). Soustraction manuscrite entre les dates 1829 et 1552 au regard de la page de titre. Estampillesmultiples de la bibliothèque de la ville de Clermont-Fd et de la bibliothèque municipale et universitaire de Clermont-Fd.";;;;"text";"lat";;"Domaine public";"Bibliothèque Université Clermont Auvergne";"http://192.168.129.239/files/fichiers_bcu/BCU_Graecorum_Romanorumque_illustrium_vitae.pdf";"BCU_Graecorum_Romanorumque_illustrium_vitae"
"Opus de re medica, nunc primum integrum latinitate donatum, per Joannem Guinterium Andernacum, doctorem medicum ";"De sanitate tuenda libri sex, Thoma Linacro Anglo interprete, ad Graecum exemplar denuo collati ";;"Paul d'Egine (0625-0690) | Winther, Johann (1505-1574) | Galien, Claude (0131?-0201?) | Linacre, Thomas (1460?-1524) ";;;;;;;;;;;;;"Colines, Simon de (1480?-1546) ";"(Paris)";;"1532 | 1530";"7 parties ([40]-47-[1 bl.] p. ; [8]-39-[1 bl] p. ; [8]-127-[1 bl.] p. ; [8]-48 p. ; [8]-24 p. ; [8]-83-[1 bl.] p. ; [8]-158-[2 bl.] p.) ";"[8]-61 f. ";"in-folio | application/pdf";"Sig. [croix de Malte]A-[croix de Malte]B8, [croix de Malte]C4, Aa-Cc8 ; a4, b8, c-d6 ; AA4, bb-ii8 ; aaa4, bbb-ddd8 ; *A4, A-B6 ; AA4, BB-EE8, FF10 ; *AAA4, AAA-KKK8 ";"Sig. *8, A-G8, H3";"Épître dédicatoire de Johann Winther à Jean Du Bellay. Caractères romains et italiques ; manchettes ; initiales ornées gravées sur bois. Marque au ""Temps"" de Simon de Colines au titre. Epître dédicatoire de Thomas Linacre au roi d'Angleterre Henri VIII, datée de 1517.";"Recueil factice contenant 2 ouvrages médicaux. Reliure avec dos à 5 nerfs avec nom de l'auteur en lettres dorées entre le 1er et le 2ème nerf, plat en papier à la colle vert. Notices imprimées collées au regard de la page de titre. Notes manuscrites. Ex-libris imprimé de la bibliothèque de l'école de médecine de Clermont-Ferrand ""donné par M. Lavort"".";;;"text";"lat";;"Domaine public";"Bibliothèque Université Clermont Auvergne";"http://192.168.129.239/files/fichiers_bcu/BCU_Opus_de_re_medica_nunc_primum_integrum.pdf";"BCU_Opus_de_re_medica_nunc_primum_integrum"
"Marii Nizolii Brixellensis in M.T. Ciceronem observationes. Caelii Secundi Curionis labore & industria secundò atque iterum locupletatae, perpolitae, & restitutae. Ejusdem M. Nizolii libellus, in quo vulgaria quaedam verba, & parum Latina, ad purissimam Ciceronis consuetudinem emendantur, ab eodem Caelio, s.c. limatus & auctus ";"In Marcum Tullium Ciceronem observationes ";;"Cicéron (0106-0043 av. J.-C.) | Nizzoli, Mario (1489-1566)  ";;;;;;;;;;;;;"Frellon, Jean (15..-1570) ";"(Lyon)";;1552;"[12]-856 [i. e. 846]-[2 bl.-1 bl.] p. ";"In-folio";"application/pdf";"Sig. [alpha]6, a-z8, A-Z8, Aa-Gg8 ";"Epître dédicatoire de Celio Secondo Curione à Bonifacius Amerbach, dâtée de Bâle, février 1548. Epître dédicatoire de Mario Nizzoli à Giovanni Francesco Gambara,Fleuron et marque de Jean Frellon au titre, lettres ornées ou historiées, culs-de-lampe. Texte sur deux colonnes. Erreur de pagination : saut de la p. 769 à la p. 780";"Reliure cuir à décor doré, dos à 6 nerfs avec décor doré entre les nerfs, filet doré en encadrement des plats. Ex-libris manuscrits sur la page de titre : ""Varaigne"", ""Oratorii claromontensis"" [oratoriens de Clermont], ""Brurãs C"". Ex-libris manuscrit sur la page de garde : ""Ex bibliothéca Michaelis Brujas"". Estampille de la Bibliothèque de la ville de Clermont-Fd sur la page de titre et étiquette de la Bibliothèque de Clermont-Ferrand collée à l'intérieur du contreplat avec écrit ""H.1177"". Cote imprimée 13684 sur la page de titre et sur une étiquette ronde en haut du dos. Etiquette hexagonale ""BCF"" en bas du dos. Estampille de la Bibliothèque municipale et interuniversitaire de Clermont-Fd à la fin du livre.";;;;"text";"lat";;"Domaine public";"Bibliothèque Université Clermont Auvergne";"http://192.168.129.239/files/fichiers_bcu/BCU_Marii_Nizolii_Brixellensis.pdf";"BCU_Marii_Nizolii_Brixellensis"
"Magni Hippocratis Coaca præsagia, opus plane divinum, et verae medicinae tanquam thesaurus, cum interpretatione & commentariis Iacobi Hollerii Stempani, medici celeberrimi, nunc primùm Desiderii Jacotii Vandoperani medici opera in lucem editis.‎ Ejusdem Desiderii Jacotii Vandoperani commentariorum ad idem opus, libri tredecim, tribus sectionibus distincti, in quibus symptomatum omnium, quæ in ægris apparent, causæ, vires, & significationes demonstrantur. Ad inuictissimum & christianissimm Galliæ & Poloniæ regem Henricum III. Index rerum ad calcem operis fœcundissimus. ";;;"Hippocrate (0460-0377 av. J.-C.) | Houllier, Jacques (15..-1562)  | Jacotius, Desiderius (15..-15..) ";;;;;;;;;;;;;"Rouillé, Guillaume (1518?-1589) ";"(Lyon)";;1576;"[32]-1130-[2bl.-71-1bl.] p. ";"in-folio ";"application/pdf";"Sig. *6 **6 ***4 A-Z6 Aa-Zz6 AA-ZZ6 AAA-ZZZ6 AAAa-HHHh6 ";"Extrait du privilège de l'empereur Maximilien II, 1575. Extrait du privilège du roi de France et de Pologne à Guillaume Rouillé accordé à Lyon le 21 janvier 1575. Epître de Desiderius Jacotius Vandoperanus au roi Henri III. Poèmes. Marque au titre de Guillaume Rouillé, bandeaux, lettrines. Index. Incl. texte Grec";"Reliure veau à décor doré, dos à 6 nerfs, décor doré entre les nerfs et mention écrite dorée ""Coaca Hippo"" entre les 2 nerfs supérieurs, filet doré en encadrement des plats. Notes manuscrites intercalées : p. 144-145 (relate une action de vandalisme de marchands sur le lion de la fontaine de Montferrand), p. 788-789 (lettre de M. Daurelle à M. Imbert, pour le comte de Laurac, à propos de sa terre d'Ambert), p. 790-791 (lettre d'un beau-frère de M. Daurelle à l'évêque de Clermont, à propos de la commission évoquée dans la lettre précédente qu'il n'a pu faire pour le comte de Laurac, toujours à propos de la terre d'Ambert), p. 808-809 (liste d'ouvrages dont celui-ci et au verso la copie de passages d'un livre en latin), p. 838-839 (lettre de Monsieur Pachau (?) à Monsieur Chambon, docteur médecin à Montferrand, pour le recouvrement d'un paiement), p. 880-881 (lettre de Chambon à Mlle Catherine Garnaud ce 2 décembre 1659 en latin), p. 888-889 (poème d'amour), p.934-935 (lettre du comte de Laurac à M. Daurelle, ""avocat au parlement, Ambert"", à propos de sa terre d'Ambert), p. 1028-1029 (liste de noms propres). Feuille à entête de Jacques Archimbaud, bibliothécaire à l'université de Clermont-Ferrand intercalée entre la couverture et la page de titre.. Ex-libris manuscrit sur la page de titre : """"Ex bibliotheca Petri Fabregani doctoris medici Monpeliensis"". Ex-libris imprimé de la bibliothèque de l'école de médecine de Clermont-Ferrand ""donné par Mr Lavort"" collé au contreplat. Cachet ""Réserve Médecine-Clermont-Fd"" au bas de la page de titre. Notice bibliographique collée au contreplat. ";;;;"text";"lat";"grc";"Domaine public";"Bibliothèque Université Clermont Auvergne";"http://192.168.129.239/files/fichiers_bcu/BCU_Magni_Hippocratis_Coaca_praesagia.pdf";"BCU_Magni_Hippocratis_Coaca_praesagia"
"La vraye et entière histoire des troubles et choses mémorables, avenues tant en France qu'en Flandres, et pays circonvoisins, depuis 1562. Comprinse en quatorze livres: les trois premiers et dernier desquels sont nouveaux, les autres reveus, enrichis et augmentés de plusieurs choses notables. Avec les considérations sur les guerres civiles des François. ";;;"La Popelinière, Henri Lancelot-Voisin de (1541-1608) ";;;;;;;;;;;;;"Le Chandelier, Pierre ";"(Caen)";;1572;"[44]-[1 bl.]-481-[95] p. ";"in-8";"application/pdf";"Sig. *8, **8, ***8, A-Z8, a-z8, Aa-Vv8 ";"Epitre au roi, épitre à la noblesse, avertissement au lecteur, pièce versifiée. Marque à la Paix entre deux colonnes avec la devise « Pietate et justicia » et l’indication « Pax ». Publié à Caen pour Pierre Le Chandelier, d'après le USTC et le GLN 15-16. Bandeaux, lettrines.";"Reliure cuir, dos à 5 nerfs avec décor doré. Note manuscrite sur la page de titre ""Dio et non fortuna"" et cote biffée 36390 que l'on retrouve également au contreplat. Note manuscrite au regard de la page de titre désignant Lancelot de Voësin, sieur de la Popelinière, comme auteur de l'ouvrage. Cote imprimée 56498 sur la page de titre que l'on retrouve également sur une étiquette ronde au dos de l'ouvrage. Estampille de la bibliothèque municipale et universitaire de Clermont-Ferrand sur la page de titre et la dernière page imprimée. ";;;;"text";"fre";;"Domaine public";"Bibliothèque Université Clermont Auvergne";"http://192.168.129.239/files/fichiers_bcu/BCU_La_Vraye_et_entiere_histoire_56498.pdf";"BCU_La_Vraye_et_entiere_histoire_56498"
"In librum Psalmorum brevis explanatio. Adjectae sunt in studiosorum usum ejusdem authoris in Psalmos aliquot, suo quaeque ordine & loco.Paraphrases. Item adjectae sunt in Tringinta Psalmos Paraphrases, carmine ab eode conscriptae, & suo loco positae ";;;"Flaminio, Marco Antonio (1498-1550) ";;;;;;;;;;;;;"Rouillé, Guillaume (1518?-1589) | Rollet, Philibert (1495?-1562?) ";"(Lyon)";;1552;"757-[9] p. ";"in-8";"application/pdf";"Sig. a-z(8), A-Z(8), Aa-Bb(8) ";"Même texte que l'éd. de Lyon, G. Rouillé, 1548. Epître dédicatoire du traducteur au cardinal Alexandre Farnèse. Marque au titre. Lettrines, manchettes, bandeaux.";"Reliure cuir à décor doré, dos à 6 nerfs, tranche dorée, étiquette ronde avec la cote 68218 au dos. Cote ""68218"" sur la page de titre. Notes manuscrites sur la page de titre. Estampille de la Bibliothèque municipale et universitaire de Clermont-Ferrand et estampille ""Legs P. Le Blanc"" sur la page de titre et au colophon. Legs Paul Le Blanc.";;;;"text";"lat";;"Domaine public";"Bibliothèque Université Clermont Auvergne";"http://192.168.129.239/files/fichiers_bcu/BCU_In_librum_Psalmorum_brevis_explanatio.pdf";"BCU_In_librum_Psalmorum_brevis_explanatio"
"Hippocratis coi Medicorum Omnium longe principis opera quae hactenus ad nos extant omnia. Per Janum Cornarium medicum physicum Latina lingua conscripta‎. Recens per nos cura exactiore castigata, mendis nonnullis repurgata. Index rerum ad calcem operis ";;;"Hippocrate (0460-0377 av. J.-C.) | Cornarius, Janus (1500-1558) ";;;;;;;;;;;;;"Scoto, Girolamo (15..-1572) ";"(Venise)";;1546;"[4]-138-48-[9]-[1 bl.] f. ";"in-folio ";"application/pdf";"Sig. [étoile](4), A-Z(6), AA-HH(6), αα-ββ(4), [ ](1) ";"Epître dédicatoire du traducteur Janus Cornarius à la ville impériale d'Ausbourg datée de septembre 1545. Marque au titre, lettrines. Texte imprimé sur deux colonnes.";"Reliure cuir à décor doré, dos à 8 nerfs. Notes manuscrites dans les marges. Ex-dono imprimé ""donné par Mr Lavort"" à la bibliothèque de l'école de médecine de Clermont-Fd collé au contreplat. Cachet ""Réserve Médecine-Clermont-Fd"" au bas de la page de titre. Notice bibliographique collée sur le contreplat. Cote ""346.004"" notée au crayon sur la page de titre. ";;;;"text";"lat";;"Domaine public";"Bibliothèque Université Clermont Auvergne";"http://192.168.129.239/files/fichiers_bcu/BCU_Hippocratis_coi_medicorum_omnium_longe_principis_opera.pdf";"BCU_Hippocratis_coi_medicorum_omnium_longe_principis_opera"
"Gulielmi Ranchini in Monspeliensi schola antecessoris, Tractatus de successionibus ab intestato. In quo Jus Gallicum cum Romano edocetur ";;;"Ranchin, Guillaume (1560-16..) ";;;;;;;;;;;;;"Gillet, Jean (15..-16.. ; imprimeur) ";"(Lyon)";;1594;"[8], 175, [12, 1 bl.] p. ";"In-8 ";"application/pdf";"Sig. [stylet]4, A-L8, M4, [étoile]2 ";"Fait partie d'un recueil factice comprenant deux monographies. A la suite d'une lettre de Rozellus à [Guillaume] Ranchin, épître dédicatoire adressée par l'auteur à Pierre de Rozel, lieutenant-principal en la Sénéchaussée de Nîmes et Beaucaire. Selon Baudrier (Bibliographie lyonnaise, VII-343), le nom du principal artisan de la fortune de l'imprimerie, Hugues de La porte (15..-1572), figure à l'adresse (""In Officina Hugonis à Porta, sumptibus Fratrum de Gabiano""), bien que ses neveux, Jean et David de Gabiano, fussent possesseurs des droits de la compagnie à la date de publication de l'ouvrage. Au colophon : ""Excudebat Joannes Gilletus M. D. XCIIII."". Marque typogr. au titre (La Porte étroite du Salut, avec la devise : ""Libertatem meam mecum porto""), bandeaux, lettres ornées gravés sur bois.";"Reliure peau, avec traces de lacets, étiquette ronde avec la cote en haut du dos, titre manuscrit sur le dos, ex-libris manuscrit dans l'angle supérieur droit, différents ex-libris manuscrits aux contreplats. Petite note manuscrite sur papier volant entre les pages 38 et 39. Sur la page de titre et au verso de la dernière page imprimée, estampilles ""Legs P. Le Blanc"" et ""Bibliothèque municipale et universitaire Clermont-Fd"". ";;;;"text";"lat";;"Domaine public";"Bibliothèque Université Clermont Auvergne";"http://192.168.129.239/files/fichiers_bcu/BCU_Gulielmi_Ranchini_in_Monspeliensi.pdf";"BCU_Gulielmi_Ranchini_in_Monspeliensi"
"Discours au roy sur la conspiration de son estat & troubles recommencez en son royaume ";"Discours au roi sur la conspiration de son état et troubles recommencés en son royaume ";;"Charrier, Jean de | Moysson, Jacques  ";;;;;;;;;;;;;;;;1568;"[12] f.";"in-4";"application/pdf";"Sig. A-C4 ";"Dédicace de Jean de Charrier à la royne [reine], datée de Paris, le 1er janvier 1568. Sonnet à l'auteur de Jacques Moysson. ";"Demi-reliure cuir vert, dos long avec inscrit en lettres dorées ""Discours sur les troubles de France"", papier marbré vert, gardes marbrées caillouté ""agate"", 19e siècle. Signet bleu. Cachet de la Bibliothèque municipale et interuniversitaire de Clermont-Ferrand sur la page de titre et au verso de la dernière page imprimée. Cote 44100 imprimée sur la page de titre et sur une étiquette en haut du dos.";;;;"text";"fre";;"Domaine public";"Bibliothèque Université Clermont Auvergne";"http://192.168.129.239/files/fichiers_bcu/BCU_Discours_au_Roy.pdf";"BCU_Discours_au_Roy"
"Atlas minéralogique de la France";;;"Guettard, Jean-Étienne (1715-1786)";;;;;;;;;;;;"Lavoisier, Antoine-Laurent de (1743-1794) ";;;;"[1778]";"[29] pages de planches";"34 x 28 cm";"application/pdf";"Reliure cuir";;;;"France – Minéralogie – Atlas";;"still image";"fre";;"Domaine public";"Bibliothèque Université Clermont Auvergne |Ville de Clermont-Ferrand, Muséum Henri-Lecoq, 843";"http://192.168.129.239/files/fichiers_bcu/BCU_Museum_Atlas_Mineralogique_de_la_France.pdf";"BCU_Museum_Atlas_Mineralogique_de_la_France.jpg"
"Mémoire sur la fondation, le gouvernement et l'observance des Carmélites Déchaussées ";;;;;;;;;;;;;;;;"Dubois-Poplimont (Reims)";;;1894;"XX-808 p. ";"24 cm";;;;;;"Carmel de l'Incarnation (Clamart, Hauts-de-Seine) ";;"text";"fre";;"Domaine public";"Bibliothèque Université Clermont Auvergne";"http://192.168.129.239/files/fichiers_bcu/BCU_Memoire_des_Carmelites_dechaussees_255_7_MEM_1_1250078849.pdf";"BCU_Memoire_des_Carmelites_dechaussees_255_7_MEM_1_1250078849"
"Mémoire sur la fondation, le gouvernement et l'observance des Carmélites Déchaussées ";;;;;;;;;;;;;;;;"Dubois-Poplimont (Reims)";;;1894;"1018 p. ";"24 cm";;;;;;"Carmel de l'Incarnation (Clamart, Hauts-de-Seine) ";;"text";"fre";;"Domaine public";"Bibliothèque Université Clermont Auvergne";"http://192.168.129.239/files/fichiers_bcu/BCU_Memoire_des_Carmelites_dechaussees_255_7_MEM_2_1250078900.pdf";"BCU_Memoire_des_Carmelites_dechaussees_255_7_MEM_2_1250078900"
"Atlas général Vidal-Lablache : 420 cartes et cartons, index alphabétique de 46000 noms";;;"Vidal de La Blache, Paul (1845-1918) ";;;;;;;;;;;;;"Armand Colin & Cie";"(Paris)";;1898;"131-43 p.";"37 cm";"application/pdf";"Estampille A. Cisneros sur la page de titre. Signature manuscrite Glangeaud sur la page de titre. Nombreuses notes manuscrites dans les marges. Note manuscrite sur la page de faux-titre. Etiquette jaune concernant la restauration de l’ouvrage en 2004 sur la page de garde.";;;;"Géographie historique -- Cartes | Histoire universelle – Cartes | Géographie historique – Atlas ";;"text";"fre";;"Domaine public";"Bibliothèque Université Clermont Auvergne";"http://192.168.129.239/files/fichiers_bcu/BCU_Atlas_general_Vidal_Lablache_1898.pdf";"BCU_Atlas_general_Vidal_Lablache_1898"
"L'Amour et les amoureux dans les lais de Marie de France ";;;"Schiött, Emil";;;;;;;;;;;;;"impr. Malmström & Cie";"(Lund)";;1889;"66 p.";"22 cm";"application/pdf";"Thèse : Lettres : Lund : 1889 ";;;;"Amour courtois | Littérature médiévale  ";;"text";"fre";;"Domaine public";"Bibliothèque Université Clermont Auvergne";"http://192.168.129.239/files/fichiers_bcu/BCU_L_Amour_et_les_amoureux_dans_les_lais_de_Marie_De_France.pdf";"BCU_L_Amour_et_les_amoureux_dans_les_lais_de_Marie_De_France"
"Sonnets tourangeaux ";;;"Montaiglon, Anatole de (1824-1895) ";;;;;;;;;;;;;"Imprimerie Ernest Mazereau (Tours)";;;1885;"[8] p.";"21 cm";"application/pdf";;;;;;;"text";"fre";;"Domaine public";"Bibliothèque Université Clermont Auvergne";"http://192.168.129.239/files/fichiers_bcu/BCU_Sonnets_Tourangeaux.pdf";"BCU_Sonnets_Tourangeaux"
"Les sonnets de La Chaise";;;"Montaiglon, Anatole de (1824-1895) ";;;;;;;;;;;;;"Imprimerie Ernest Mazereau (Tours)";;;1885;"[8] p.";"21 cm";"application/pdf";;;;;;;"text";"fre";;"Domaine public";"Bibliothèque Université Clermont Auvergne";"http://192.168.129.239/files/fichiers_bcu/BCU_Les_sonnets_de_la_chaise.pdf";"BCU_Les_sonnets_de_la_chaise"
"Le Béranger des familles";;;"Béranger, Pierre-Jean de (1780-1857) ";"Lemud, François-Joseph-Aimé de (1817-1887) ";;;;;;;;;;;;"Perrotin (Paris)";;;1859;"XII-312 p. ";"19 cm";"application/pdf";"Orné d'une gravure d'après A. de Lemud ";;;;"Chansons françaises – Textes‎ -- France ";"Musique populaire – Textes‎ -- France ";"text";"fre";;"Domaine public";"Bibliothèque Université Clermont Auvergne";"http://192.168.129.239/files/fichiers_bcu/BUCA_Le_Beranger_des_familles.pdf";"BUCA_Le_Beranger_des_familles"
"Chirurgia. De chirurgia scriptores optimi quique veteres et recentiores, plerique in Germania antehac non editi, nunc primum in unum conjuncti volumen. Singuli qui hoc volumine continentur authores cum suis scriptis, sequente mox pagina enumerantur.";;;"Tagaut, Jean (151.-1560)";"Lange, Johannes (1485-1565)";"Gesner, Conrad (1516-1565)";"Bolognini, Angelo (14..-15..)";"Santo, Mariano (14..-15..)";"Galien, Claude (0131?-0201?)";"Biondo, Michelangelo (1497-1565)";"Houllier, Jacques (15..-1562)";"Maggi, Bartolomeo (1477-1552)";"Ferri, Alfonso (1500-1595)";"Oribase (0326-0403)";"Dondi dall'Orologio, Jacopo (1298-1359)";;"Gessner, Andreas (1513-1559)";"Gessner, Hans Jakob (1527-157.?)";"(Zürich)";1555;"[9-1bl.]-408 [i. e. 406]-[22] f.";"in-folio";"application/pdf";"Sig. [croix latine]6 *4 A-Z6, a-z6, Aa-Yy6, α-ß6, γ8";"Epitre dédicatoire de Conrad Gesner à Geryonus Seilerus datée de Zürich le 9 janvier 1555, épitre dédicatoire de Jean Tagault à François Ier, préface au lecteur, pièce versifiée de Pierre Cruselius. Marques au titre et en fin de texte, lettrines, ill. gr.s.b. Erreur de foliotation : pas de f. 227 et 228, f. 288. Index et table des matières numérotée 188";"Reliure veau à décor doré, dos à 6 nerfs, décor doré entre les nerfs. Ex-libris imprimé de la bibliothèque de l'école de médecine de Clermont-Ferrand ""donné par Mr Lavort"" collé au contreplat. Cachet ""Réserve Médecine-Clermont-Fd"" au bas de la page de titre. Notice bibliographique collée sur la page de garde. Etiquette ""1658"" collée en haut à gauche de la 1ère de couverture. Cote ""346.007"" notée au crayon sur la page de titre et sur une étiquette collée en haut du dos.";;;;"text";"lat";;"Domaine public";"Bibliothèque Université Clermont Auvergne";"http://192.168.129.239/files/fichiers_bcu/BCU_Chirurgia_scriptores_optimi.pdf";"BCU_Chirurgia_scriptores_optimi"
"Fotografie di fantasmi‎ : contributo sperimentale alla constatazione dei fenomeni medianici con prefazione del Dott. Prof. Carlo Richet e numerose fotografie stampate dalle negative originali ";;;"Imoda, Enrico ";"Richet, Charles (1850-1935) ";;;;;;;;;;;;"Fratelli Bocca (Turin)";;;1912;"254 p. ";"26 cm";"application/pdf";"Portrait d'Enrico Imoda en frontispice ";;;;"Parapsychologie ";"Photographie spirite ";"text";"ita";"fre";"Domaine public";"Bibliothèque Université Clermont Auvergne";"http://192.168.129.239/files/fichiers_bcu/BUCA_Fotografie_di_fantasmi.pdf";"BUCA_Fotografie_di_fantasmi"
"Contractae ex veteribus medicinae tetrabiblos, hoc est, quaternio, sive libri universales quatuor, singuli quatuor sermones complectentes, ut sint in summa quatuor sermonum quaterniones, id est, sermones sedecim, per Janum Cornarium Medicum Physicum latine conscripti. Acceβerunt in duos priores libros (quos de simplicibus scripsit) scholia, rei medicae studiosis plurimu[m] profutura, per Hugonem Solerium Sanionensem, Medicum, nunc primum in lucem edita ";;;"Aetius d'Amide (0502-0575) ";"Solerius, Hugo ";"Paul d'Egine (0625-0690) ";;;;;;;;;;;"Beringen, Godefroy (15..-15.. ; imprimeur-libraire) ";"Beringen, Marcellin (15..-1556?) ";"(Lyon)";1549;"[1-1bl.-5-1bl.-27-1bl.] p., 1030 col., p.1031-1032, [19] p. ";"In-folio";"application/pdf";"Sig. *4 Aa-Bb4 Cc6 a-z6 A-X6 Y4";"Epîtres dédicatoires de Janus Cornarius datée de Francfort le 1er novembre 1641 et de Hugo Solerius à Henri II datée de Lyon le 1er mai 1549 ; errata, tables des matières, index. Mention ""Sine fraude"" sur la dernière page imprimée. Texte sur 2 colonnes par page. Index sur 3 colonnes par page. Marque au titre (Silvestre 219) et en fin (Silvestre 534) , lettrines.";"Reliure cuir, filets dorés en encadrement des plats, dos à 6 nerfs avec fleurons dorés entre les nerfs. Etiquette portant le n° 79 en haut à gauche de la couverture, étiquette portant la mention ""3 A 10"" au bas du dos et étiquette portant la cote 346.005 en haut du dos. Cote 346.005 inscrite au crayon en bas à droite de la page de titre. Estampille rouge Réserve Médecine Clermont-Fd sur la page de titre. Mentions manuscrites biffées sur la page de titre. Ex-dono imprimé sur une étiquette de la bibliothèque de l'école de médecine de Clermont-Fd collée au contreplat : donné par Mr Lavort. Ex-libris manuscrit sur la page de titre : Antony Cosmœ De Chantelou ";;;;"text";"lat";;"Domaine public";"Bibliothèque Université Clermont Auvergne";"http://192.168.220.239/files/fichiers_bcu/BCU_Contractae_ex_veteribus_medicinae_tetrabiblos.pdf";"BCU_Contractae_ex_veteribus_medicinae_tetrabiblos"
"C. Julii Cæsaris Commentarii, novis emendationibus illustrati. Ejusdem librorum qui desiderantur fragmenta. Ex bibliotheca Fulvi Ursini Romani.";;;"César, Jules (0100-0044 av. J.-C.)";"Marliani, Raimondo (14..-15..)";"Hirtius, Aulus (0090-0043 av. J.-C.)";"Bruto, Giovanni Michele (1515-1594)";"Orsini, Fulvio (1529-1600)‎";;;;;;;;;"Plantin, Christophe (1520?-1589)";"(Anvers)";;1570;"[24]-[2] p. de pl.-79-499 p.‎";"in-8";"application/pdf";"Sig. *8, [croix latine]4, A-E8, A-Z8, a-k8";"Épître dédicatoire de Fulvio Orsini au cardinal Alessandro Farnese datée de 1569. Epître de Paul Manuce. Marque au titre, vignettes de Giovanni Giocondo, cartes dépliables de la péninsule ibérique et de la Gaule.";"Reliure avec trace de lacets. Ex-libris manuscrit au contreplat et sur la page de titre  « Emmanuel Ferdinandi » et l’année 1882. Ex-libris manuscrit sur la page de titre « Mathia Holland » et l’année 1697. Cote 36378 notée manuellement au contreplat et sur la page de titre (biffée sur la page de titre). Cote imprimée 56501 sur la page de titre. Estampille Bibliothèque universitaire de Clermont-Ferrand sur la page de titre, page 99 et au colophon. Page 197 numérotée à tort 167";;;;"text";"lat";;"Domaine public";"Bibliothèque Université Clermont Auvergne";"http://192.168.129.239/files/fichiers_bcu/BUCA_Caesaris_Commentarii_novis_emendationibu.pdf";"BUCA_caesaris_Commentarii_novis_emendationibu"
"Celt'-hellenisme ou, Etymologic des mots françois tirez du græc. Plus. Preuves en general de la descente de nostre langue. Par Leon Trippault, sieur de Bardis, conseiller du Roy au siege presidial d'Orleans ";;;"Trippault, Léon (1538?-15..?) ";;;;;;;;;;;;;"Gibier, Éloi (15..-1587?) ";"(Orléans)";;1581;"[8]-311-[1] p., [1] f. de pl. ";"In-8";"application/pdf";"Sig. *4, A-Qq4 ";"Epître dédicatoire à Germain Vaillant de Guélis, abbé de Pimpont. Privilège du roy du 4 mai 1580. Marque à la fin.";"aReliure peau avec trace de lacets, dos à 3 nerfs. Manque le portrait de l'auteur gravé sur bois. Cote ""68407"" imprimée sur la page de titre et sur une étiquette au dos du livre. aEx-libris manuscrit de Paul Le Blanc et notes manuscrites au contreplat. Estampille de la Bibliothèque minicipale universitaire de Clermont-Ferrand sur la page de titre et à la fin de l'ouvrage. Estampille ""Legs P. Le Blanc"" sur la page de titre et à la fin de l'ouvrage.";;;;"text";"fre";;"Domaine public";"Bibliothèque Université Clermont Auvergne";"http://192.168.220.239/files/fichiers_bcu/BUCA_Celt_hellenisme_ou_Etymologic_des_mots_francais.pdf";"BUCA_Celt_hellenisme_ou_Etymologic_des_mots_francais"
"Communes jurium sententiae. Quibus additae sunt contrariorum oppositiones & solutiones. Per Joannem Bellonem Tolosatem juris utriusque studiosissimum. His novissime accesserunt insigniores Veteris & Novi testamenti. Omnia demum ab authore recognita & locupletata";;;"Bellon, Jean (15..-15..?) ";"Ysnard, Jacques (15..-15..) ";;;;;;;;;;;;"Boudeville, Guyon (15..-1562) ";"Fleurs, Jean de (15..-16..) ";"(Toulouse)";1554;"239-[1] p. ";"In-8";"application/pdf";"Sig. a-p8 ";"Poème de Jacques Ysnard d'Orange en l'honneur de l'auteur. Epître dédicatoire de l'auteur à Petrus de Riciis, d'Avignon, directeur du collège de Sainte Croix d'Avignon, datée de Toulouse, le 5 fevrier 1548. Marque d'imprimeur à la fin du volume. Lettres ornées gravées sur bois. Texte imprimé sur 2 colonnes ";;;;;"text";"Latin";;"Domaine public";"Bibliothèque Université Clermont Auvergne";"http://192.168.220.239/files/fichiers_bcu/BCU_Communes_jurium_sententiae.pdf";"BCU_Communes_jurium_sententiae"
"Decii Ausonii Burdigalensis viri consularis opuscula varia ";;;"Ausone (0310?-0395?) ";;;;;;;;;;;;;"Gryphe, Sébastien (1493?-1556) ";"(Lyon)";;1549;"236 p. ";"in-16";"application/pdf";"Sig. a-p8 ";"Avis au lecteur de Nicolas Bourbon. Dédicace à Theodosius Augustus [empereur Théodose]. Marque au titre. Lettres ornées.";"Reliure cuir à décor doré, dos à 5 nerfs avec décor de fleur entre les nerfs, filet doré en encadrement des plats. Texte manuscrit sur la page de garde. Nom manuscrit inscrit sur la page de titre. Cote 67836 imprimée sur la page de titre et sur une étiquette ronde au dos du livre. Signature Paul Le Blanc au contreplat. Estampilles ""Bibliothèque municipale et universitaire Clermont-Fd"" et ""Legs P. Le Blanc"" sur la page de titre et sur la dernière page imprimée. ";;;;"text";"lat";;"Domaine public";"Bibliothèque Université Clermont Auvergne";"http://192.168.220.239/files/fichiers_bcu/BCU_Decii_Ausonii_Burdigalensis_67836.pdf";"BCU_Decii_Ausonii_Burdigalensis_67836"
"In Jonae prophetiam concionibus et christianae consolationi accommodata enarratio. Cui adjecta est mystica ejusdem prophetiae paraphrasis continuo contexta filo. Ad clarissimum virum D. Michaëlem Hospitalem Franciae Cancellarium. ";"Mystica Jonae prophetiae paraphrasis continuo contexta filo. Authore Joanne Chatardo Aquaspersano. Ad clarissimum virum D. Joannem Hospitalem canonicum Aquaspersanum. ";;"Chatard, Jean (1510-15..) ";;;;;;;;;;;;;"Frémy, Claude (15..-1579?) ";"(Paris)";;1561;"2 parties ([1 bl.]-[4]-199 f. ; [1 bl.]-[4]-24-[16] f.) ";"In-8";"application/pdf";"Sig. a4, A-Z8, Aa-Bb8 (1ère partie) ";"Sig. A4, a-c8, [croix maltaise]-[double croix maltaise]8 (2ème partie) ";"Epître de l'auteur à Michel de L'Hospital, datée de Paris, avril 1561. Extrait du registre de la faculté de théologie de Paris ";"Notes manuscrites sur la page de titre. Les marges de la pages de titre ont été coupées. Cote 68457 imprimée sur la page de titre et sur une étiquette au dos du livre. Mention manuscrite ""In jonam prophet"" au dos du livre. Estampille de la Bibliothèque municipale et universitaire de Clermont-Fd sur la page de titre, au verso du colophon et en bas de la page 99. Estampille Legs P. Le Blanc sur la page de titre et au verso du colophon. Signature manuscrite Paul Le Blanc au contreplat.";;;"text";"lat";;"Domaine public";"Bibliothèque Université Clermont Auvergne";"http://192.168.220.239/files/fichiers_bcu/BCU_In_Jonae_prophetiam_concionibust.pdf";"BCU_In_Jonae_prophetiam_concionibust"
"Le prose di M. Pietro Bembo, nelle quali si ragiona della volgar lingua, scritte al cardinale de Medici, che poi su creato a sommo pontefice, et detto papa Clemente VII. Divise in tre libri, et di nuovo aggiunte le Postille nel margine, e rivedute con somma diligenza de M. Francesco Sansovino con la tavola.";;;"Bembo, Pietro (1470-1547) ";"Sansovino, Francesco (1521-1583) ";;;;;;;;;;;;"Rampazetto, Francesco (15..-1576?) ";"(Venise)";;1562;"[2 bl.]-[48]-258-[1]-[1 bl.] p. ";"In-12";"application/pdf";"Sig. *-**12, A-K12, L10 ";"Marque typographique au titre (avec la devise : ""Et animo et corpori""), bandeaux, lettres ornées ";"Reliure peau, traces de lacets. Cote ""T BEM"" sur étiquette ronde en bas du dos. Inscription manuscrite ""Prose"" sur le dos. Ratures manuscrites sur la page de titre. Cote ""T BEM"" dans l'angle supérieur droit de la page de titre ainsi que ""XVI"". Ex-libris manuscrit ""Citoien Carion"" sur la page de titre. Estampilles de la Faculté des lettres de Clermont-Ferrand, Bibliothèque (ou Institut) d'Italien. ";;;;"text";"italien";;"Domaine public";"Bibliothèque Université Clermont Auvergne";"http://192.168.220.239/files/fichiers_bcu/BUCA_Le_prose_di_M_Pietro_Bembo.pdf";"BUCA_Le_prose_di_M_Pietro_Bembo"
"Les dialogues de feu Jaques Tahureau gentilhomme Du Mans, non moins profitables que facetieus. Ou les vices d'un châcun sont repris fort âprement, pour nous animer davantage à les fuir et suivre la vertu ";;;"Tahureau, Jacques (1527-1555) ";;;;;;;;;;;;;"Buon, Gabriel (15..-1595?) ";"(Paris)";;1565;"[24]-267 p. ";"In-8";"application/pdf";"Sig. a8, e4, A-Q8, R6 ";"Marque au titre. Epître dédicatoire de M. de la Porte à François Pierron, grand-vicaire de Monseigneur l'Abbé de Molesmes, datée de Paris, le 24 mars 1565, suivie d'un avertissement de l'auteur.";"Reliure peau à 4 nerfs, traces de lacets, titre manuscrit en partie effacé sur le dos, cote 68404 collée en haut du dos. Annotations manuscrites sur les contreplats, au verso de la page de titre et de la dernière page imprimée. Cachet de la bibliothèque municipale et univeritaire de Clermont-Fd sur la page de titre, à la page 99 et au verso de la dernière page imprimée.";;;;"text";"fre";;"Domaine public";"Bibliothèque Université Clermont Auvergne";"http://192.168.220.239/files/fichiers_bcu/BCU_Les_dialogues_de_feu_Jaques_Tahureau_gentilhomme_Du_Mans.pdf";"BCU_Les_dialogues_de_feu_Jaques_Tahureau_gentilhomme_Du_Mans"
"Plutarchou Chairōnēos Parallēla en biois Ellenōnte, kai Rōmaiōn. Plutarqui Chaeroni quae vocantur Parallela : hoc est Vitae illustrium virorum Graeci nominis ac Latini, prout quaeque alteri convenire videbatur, accuratius quàm antehac unquam digestae et castigatae ";"[Vies parallèles (Grec) . 1560] ";;"Plutarque (0046?-0120?) ";;;;;;;;;;;;;"Froben, Hieronymus (1501-1563) ";"(Bâle)";;1560;"a[8]-787 p. ";"In-folio";"application/pdf";"Sig. α4, a-z6, A-Z6, Aa-Ss6, Tt4, Vv6 ";"Texte grec seul ; vers liminaires en grec et en latin. Épître dédicatoire en latin de Simon Grynaeus à Johann Oporinus. Marque au titre sur la page de titre et à la fin, lettres ornées, bandeau.";"Reliure cuir, dos à 6 nerfs, filet doré en encadrement des plats. Cote 14062 sur étiquette ronde en haut du dos et étiquette hexagonale en bas du dos. Etiquette imprimée rectangulaire de la Bibliothèque de Clermont-Ferrand avec la mention manuscrite ""H. 2764"" au contreplat. Estampille bleue de la Bibliothèque de la ville de Clermont-Ferrand sur la page de titre et à la page 125. Cote 14062 imprimée en haut de la page de titre. Estampille noire de la Bibliothèque municipale et interuniversitaire de Clermont-Fd au colophon. Ex-libris manuscrit sur la page de titre ""Antony [...]"" ";;;;"text";"Grec";;"Domaine public";"Bibliothèque Université Clermont Auvergne";"http://192.168.220.239/files/fichiers_bcu/BCU_Plutarchou_Chaironeos_Parallela_en_biois.pdf";"BCU_Plutarchou_Chaironeos_Parallela_en_biois"
"Purgantium aliarumque eo facientium, tum et radicum, convolvulorum ac deleteriarum herbarum historiæ libri IIII. Remberto Dodonæo Mechliniensi medico auctore. Accessit appendix variarum & quidem rarissimarum nonnullarum stirpium, ac florum quorundam peregrinorum, elegantissimorumque icones omnino novas nec anteà editas, singulorumque breves descriptiones continens : cujus altera parte umbelliferæ exhibentur non paucæ, eodem auctore. ";;;"Dodoens, Rembert (1517-1585) ";;;;;;;;;;;;;"Plantin, Christophe (1520?-1589) ";"(Anvers)";;1574;"505-[6-1bl.] p. ";"In-8";"application/pdf";"Sig. A-Z8, a-i8 ";"Épître dédicatoire de l'auteur au roi Philippe II d'Espagne. Extrait du privilège de 8 ans accordé à Christophe Plantin le 30 juillet 1572. Caractères italiques ; manchettes ; initiales ornées gravées sur bois. Figures gravées sur bois. Marque au titre. Index ";"Trace de lacets sur la reliure. Inscription manuscrite sur la garde. Cote 68455 imprimée sur la page de titre. Estampille de la Bibliothèque municipale et universitaire de Clermont-Fd sur la page de titre, au verso de la dernière page imprimée et sur la page 99. Estampille Legs P. Le Blanc sur la page de titre et au verso de la dernière page imprimée. Signature manuscrite Paul Le Blanc au contreplat. Ex-libris imprimé aux armes de Hyacinthe Théodore Baron collé au contreplat.";;;;"text";"lat";;"Domaine public";"Bibliothèque Université Clermont Auvergne";"http://192.168.220.239/files/fichiers_bcu/BCU_Purgantium_aliarumque_eo_facientium.pdf";"BCU_Purgantium_aliarumque_eo_facientium"
"Augustini Niphi medices philosophi Suessani In libros Aristotelis de generatione & corruptione interpretationes & commentaria. Abipso auctore nouissime recognitæ. Eiusdem Augustini Niphi in commentariis & interpretationibus eorundem librorum Aristotelis de generatione & corruptione Paralipomena : hoc est recognitiones, ac retractationes, necnon & plurimorum quae obscure in commentariis dicebantur, dilucidationes. Eiusdem quæstio de infinitate primi motoris Addito nuper uocum & rerum notatu dignarum locupletissimo indice ";;;"Nifo, Agostino (1473-1538?) ";;;;;;;;;;;;;"Scoto, Girolamo (1505?-1572) ";"(Venise)";;1550;"[6]-113-[1 bl.] f. ";"In-folio";"application/pdf";"Sig. *6, A-N8, O10 ";"Colophon daté du 17 novembre 1504. Texte sur 2 colonnes. Marque au titre et au colophon, lettrines.";"Dans un recueil factice contenant 2 autres ouvrages. Relié à la suite de : Augustini Niphi medices philosophi Suessani In libros Aristotelis de generatione & corruptione interpretationes & commentaria. Abipso auctore nouissime recognitæ. Eiusdem Augustini Niphi in commentariis & interpretationibus eorundem librorum Aristotelis de generatione & corruptione Paralipomena : hoc est recognitiones, ac retractationes, necnon & plurimorum quae obscure in commentariis dicebantur, dilucidationes. Eiusdem quæstio de infinitate primi motoris Addito nuper uocum & rerum notatu dignarum locupletissimo indice, Venise, 1550. Reliure cuir, dos à 8 nerfs. Notes manuscrites dans les marges. Ex-libris imprimé de la bibliothèque de l'école de médecine de Clermont-Ferrand ""donné par M. Lavort"" collé au contreplat. ";;;;"text";"lat";;"Domaine public";"Bibliothèque Université Clermont Auvergne";"http://192.168.129.239/files/fichiers_bcu/BUCA_Augustini_Niphi_medices_philosophi_Suessani.pdf";"BUCA_Augustini_Niphi_medices_philosophi_Suessani"
"Joannis Alexandrei philosophi In tres libros De anima Aristotelis breves annotationes, ex dissertationibus Ammonii Hermei, cum quibusdam propriis meditationibus. Nuper e graeco in linguam latinam conversæ ";;;"Philopon, Jean (0490?-0566?) ";"Bove, Matthæus a (15..-15..) ";"Ammonius Alexandrinus Hermias (0435?-0517?) ";;;;;;;;;;;"Scoto, Girolamo (1505?-1572) ";"(Venise)";;1547;"100 f. ";"In-folio";"application/pdf";"Sig. A-Q6, R4 ";"Traduit du grec par Matthæus a Bove d'après le titre de départ. Texte sur 2 colonnes. Marque au titre et au colophon, lettrines.";"Dans un recueil factice contenant 2 autres ouvrages. Relié à la suite de : Augustini Niphi medices philosophi Suessani In libros Aristotelis de generatione & corruptione interpretationes & commentaria. Abipso auctore nouissime recognitæ. Eiusdem Augustini Niphi in commentariis & interpretationibus eorundem librorum Aristotelis de generatione & corruptione Paralipomena : hoc est recognitiones, ac retractationes, necnon & plurimorum quae obscure in commentariis dicebantur, dilucidationes. Eiusdem quæstio de infinitate primi motoris Addito nuper uocum & rerum notatu dignarum locupletissimo indice, Venise, 1550. Reliure cuir, dos à 8 nerfs. Notes manuscrites dans les marges. Ex-libris imprimé de la bibliothèque de l'école de médecine de Clermont-Ferrand ""donné par M. Lavort"" collé au contreplat. ";;;;"text";"lat";;"Domaine public";"Bibliothèque Université Clermont Auvergne";"http://192.168.129.239/files/fichiers_bcu/BUCA_Joannis_Alexandrei_philosophi_In_tres_libros.pdf";"BUCA_Joannis_Alexandrei_philosophi_In_tres_libros"
"Consummatissimi artium et medicine doctoris do. Jo. Matth. de Gradi Mediolanen[sis] Co[n]silia secundu[m] via[m] Avicen. ordinata. Additis antiquissimi medici Rabbi Moysi de regimine vitae quinque tractatibus ad Sultanu[m] inscriptis. Ite[m] sacri doc. Raymu[n]di Lulii de insula Maioricaru[m] de secretis naturae libris duobus : una cu[m] praecipuis co[n]siliis quibusda[m] Blasii Astarii tempestate nostra medici experitissimi‎ : cum tabula ";;;"Ferrari de Gradi, Giovanni Matteo (14..?-1472) ";"Raymond Lulle (1232-1315) ";"Jean de Roquetaillade (1310?-1366?) ";"Astari, Biagio (15..-15..) ";"Moïse Maïmonide (1135-1204) ";"Carlus, Gabriel (14..-15..) ";;;;;;;;"Giunta, Jacques (1486-1546) ";"(Lyon)";;1535;"106 f. ";"In-folio";"application/pdf";"Sig. a-r6, s4 ";"De secretis naturae, attribué à Raymond Lulle, est une traduction de Joannes de Rupescissa, De consideratione quintae essentiae. Epître dédicatoire de Gabriel Carlus Astensis. Titre en noir et en rouge, encadrement typographique, lettrines, marque typographique au colophon.";"Dans un recueil factice contenant 2 autres ouvrages, dont le premier est : Augustini Niphi medices philosophi Suessani In libros Aristotelis de generatione & corruptione interpretationes & commentaria. Abipso auctore nouissime recognitæ. Eiusdem Augustini Niphi in commentariis & interpretationibus eorundem librorum Aristotelis de generatione & corruptione Paralipomena : hoc est recognitiones, ac retractationes, necnon & plurimorum quae obscure in commentariis dicebantur, dilucidationes. Eiusdem quæstio de infinitate primi motoris Addito nuper uocum & rerum notatu dignarum locupletissimo indice, Venise, 1550. Reliure cuir, dos à 8 nerfs. Notes manuscrites dans les marges f. 100 et 101. Ex-libris imprimé de la bibliothèque de l'école de médecine de Clermont-Ferrand ""donné par M. Lavort"" collé au contreplat. ";;;;"text";"lat";;"Domaine public";"Bibliothèque Université Clermont Auvergne";"http://192.168.129.239/files/fichiers_bcu/BUCA_Consummatissimi_artium_et_medicine_doctoris.pdf";"BUCA_Consummatissimi_artium_et_medicine_doctoris"
